TCAGT	DB26212
GTCGA	DB26238
GTCCG	DB26203
CTGTC	DB26239
GGCTC	DB26224
GTACT	DB26223
CTGAT	DB25865
CTGCG	DB25852
TCACG	DB25929
CGGTA	DB25883
TATAC	DB25846
TAGTA	DB25894
CGTCG	DB26330
ACGGT	DB25973
GGCCA	DB25953
GGATA	DB25861
CGTAC	DB25985
ACTGG	DB25980
ACTTC	DB25955
AATTA	DB25964
CGGCT	DB25848
TGGAA	DB26060
TCTGC	DB25860
GAGTC	DB25994
GCATG	DB25913
AACCA	DB25922
GCTGA	DB25854
GCCGT	DB25941
GAGAT	DB25910
CATAT	DB25911
TACGT	DB25962
TCCGG	DB26115
TACCG	DB25986
CGAAT	DB25945
GGTTG	DB25983
GACAC	DB25907
CTTGG	DB25934
TGCAT	DB25930
CAACC	DB26377
TCGAT	DB26425
TTACC	DB26353
ATACG	DB26410
CGATC	DB26400
ACACA	DB26622
AGCTA	DB26625
AAGGA	DB25858
ATTAC	DB26586
ATGAG	DB26633