TGGAA	DB23406
TTACC	DB27826
TCTGC	DB27828
TCAGT	DB27829
GTCGA	DB27831
GTCCG	DB27832
CTGTC	DB27833
GGCTC	DB27836
GTAGT	DB27837
CTGAT	DB27838
CTGCG	DB27839
ACGGT	DB27841
GGCCA	DB27842
GGATA	DB27843
TCACG	DB27844
CGGTA	DB27852
TATAC	DB27854
TAGTA	DB27856
CGTCG	DB27858
CGTAC	DB27859
ACTGG	DB27861
ACTTC	DB27864
AATTA	DB27866
GAGTC	DB27867
CGGCT	DB27752
GCATG	DB27869
AACCA	DB27872
GCTGA	DB27750
GCCGT	DB27870
GAGAT	DB27681
CATAT	DB27741
TACGT	DB27742
TACCG	DB27743
CGAAT	DB27747
GGTTG	DB27748
GACAC	DB27757
CTTGG	DB27758
TGCAT	DB27763
CAACC	DB26083
ATGAG	DB27751
ATTAC	DB27753
AAGGA	DB27754
AGCTA	DB26125
ACACA	DB23366
CGATC	DB26128
ATACG	DB23357
TCGAT	DB23385