log_file	tool_version_line	command
outputs/denovo_master/admixture/populations.log	populations v2.60, executed 2022-05-05 15:15:31 (zlib-1.2.11	populations -P . -M /home/dsalvi/LIZARD/raffonei_siculus/analysis/data/popmaps/all_samples_phenotype -r 0.5 -p 5 --write-single-snp --min-mac 2 -O ./admixture -t 8 --genepop --vcf --plink
outputs/denovo_master/denovo_map.log	denovo_map.pl version 2.60 started at 2022-05-02 14:20:58	/home/dsalvi/programs/stacks-2.60/bin/denovo_map.pl --samples /home/dsalvi/LIZARD/raffonei_siculus/analysis/outputs/samples/ --popmap /home/dsalvi/LIZARD/raffonei_siculus/analysis/data/popmaps/samples_simple --paired -o . -M 2 -n 2 -T 32
outputs/denovo_master/genetic_diversity_2015_2017/raffonei_2015/populations.log	populations v2.60, executed 2022-08-17 17:54:24 (zlib-1.2.11	populations -P . -M ../../data/popmaps/2015_raffonei --min-mac 2 --out ./genetic_diversity_2015_2017/ --vcf
outputs/denovo_master/genetic_diversity_2015_2017/raffonei_2017_1/populations.log	populations v2.60, executed 2022-08-17 18:53:04 (zlib-1.2.11	populations -P . -M ../../data/popmaps/genetic_diversity_subsamples/2017_raffonei_1 --min-mac 2 --out ./genetic_diversity_2015_2017/raffonei_2017_1/ --vcf -r 0.5
outputs/denovo_master/genetic_diversity_2015_2017/raffonei_2017_2/populations.log	populations v2.60, executed 2022-08-17 18:03:17 (zlib-1.2.11	populations -P . -M ../../data/popmaps/genetic_diversity_subsamples/2017_raffonei_2 --min-mac 2 --out ./genetic_diversity_2015_2017/raffonei_2017_2/ --vcf
outputs/denovo_master/genetic_diversity_2015_2017/raffonei_2017_3/populations.log	populations v2.60, executed 2022-08-17 18:05:04 (zlib-1.2.11	populations -P . -M ../../data/popmaps/genetic_diversity_subsamples/2017_raffonei_3 --min-mac 2 --out ./genetic_diversity_2015_2017/raffonei_2017_3/ --vcf
outputs/denovo_master/genetic_diversity_2015_2017/raffonei_2017_4/populations.log	populations v2.60, executed 2022-08-17 18:17:46 (zlib-1.2.11	populations -P . -M ../../data/popmaps/genetic_diversity_subsamples/2017_raffonei_4 --min-mac 2 --out ./genetic_diversity_2015_2017/raffonei_2017_4 --vcf
outputs/denovo_master/genetic_diversity_2015_2017/raffonei_2017_5/populations.log	populations v2.60, executed 2022-08-17 18:31:58 (zlib-1.2.11	populations -P . -M ../../data/popmaps/genetic_diversity_subsamples/2017_raffonei_5 --min-mac 2 --out ./genetic_diversity_2015_2017/raffonei_2017_5 --vcf
outputs/denovo_master/genetic_diversity_2015_2017/raffonei_2017_6/populations.log	populations v2.60, executed 2022-08-17 18:34:19 (zlib-1.2.11	populations -P . -M ../../data/popmaps/genetic_diversity_subsamples/2017_raffonei_6 --min-mac 2 --out ./genetic_diversity_2015_2017/raffonei_2017_6 --vcf
outputs/denovo_master/gstacks.log	gstacks v2.60, executed 2022-06-15 16:46:05 (zlib-1.2.11)	gstacks -P . -M ../../data/popmaps/samples_simple -t 64
outputs/denovo_master/introgess_check/populations.log	populations v2.60, executed 2022-08-29 11:11:26 (zlib-1.2.11	populations -P . -M ../../data/popmaps/samples_introgress -W ./populations_structure/round_1/whitelist_pure_sic_raf.tsv --out ./introgess_check/ --vcf -t 24
outputs/denovo_master/Ne_samplesize_test/LD_10/populations.log	populations v2.60, executed 2022-07-11 18:21:35 (zlib-1.2.11	populations -P . -M ../../data/popmaps/Ne_temporal_sims/raffonei_2017_10 -r 0.5 --write-single-snp -O ./Ne_samplesize_test/LD_10/ --genepop
outputs/denovo_master/Ne_samplesize_test/LD_20/populations.log	populations v2.60, executed 2022-07-11 18:20:34 (zlib-1.2.11	populations -P . -M ../../data/popmaps/Ne_temporal_sims/raffonei_2017_20 -r 0.5 --write-single-snp -O ./Ne_samplesize_test/LD_20/ --genepop
outputs/denovo_master/Ne_samplesize_test/LD_30/populations.log	populations v2.60, executed 2022-07-11 18:19:32 (zlib-1.2.11	populations -P . -M ../../data/popmaps/Ne_temporal_sims/raffonei_2017_30 -r 0.5 --write-single-snp -O ./Ne_samplesize_test/LD_30/ --genepop
outputs/denovo_master/Ne_samplesize_test/LD_40/populations.log	populations v2.60, executed 2022-07-11 18:18:26 (zlib-1.2.11	populations -P . -M ../../data/popmaps/Ne_temporal_sims/raffonei_2017_40 -r 0.5 --write-single-snp -O ./Ne_samplesize_test/LD_40/ --genepop
outputs/denovo_master/Ne_samplesize_test/LD_50/populations.log	populations v2.60, executed 2022-07-11 18:17:21 (zlib-1.2.11	populations -P . -M ../../data/popmaps/Ne_temporal_sims/raffonei_2017_50 -r 0.5 --write-single-snp -O ./Ne_samplesize_test/LD_50/ --genepop
outputs/denovo_master/Ne_samplesize_test/LD_60/populations.log	populations v2.60, executed 2022-07-11 18:16:14 (zlib-1.2.11	populations -P . -M ../../data/popmaps/Ne_temporal_sims/raffonei_2017_60 -r 0.5 --write-single-snp -O ./Ne_samplesize_test/LD_60/ --genepop
outputs/denovo_master/Ne_samplesize_test/LD_70/populations.log	populations v2.60, executed 2022-07-11 18:14:22 (zlib-1.2.11	populations -P . -M ../../data/popmaps/Ne_temporal_sims/raffonei_2017_70 -r 0.5 --write-single-snp -O ./Ne_samplesize_test/LD_70/ --genepop
outputs/denovo_master/Ne_samplesize_test/temporal_30/populations.log	populations v2.60, executed 2022-07-11 18:31:14 (zlib-1.2.11	populations -P . -M ../../data/popmaps/Ne_temporal_sims/raffonei_30_2samp -r 0.5 --write-single-snp -O ./Ne_samplesize_test/temporal_30 --genepop
outputs/denovo_master/Ne_samplesize_test/temporal_50/populations.log	populations v2.60, executed 2022-07-11 18:29:39 (zlib-1.2.11	populations -P . -M ../../data/popmaps/Ne_temporal_sims/raffonei_50_2samp -r 0.5 --write-single-snp -O ./Ne_samplesize_test/temporal_50 --genepop
outputs/denovo_master/Ne_samplesize_test/temporal_70/populations.log	populations v2.60, executed 2022-07-11 18:27:38 (zlib-1.2.11	populations -P . -M ../../data/popmaps/Ne_temporal_sims/raffonei_70_2samp -r 0.5 --write-single-snp -O ./Ne_samplesize_test/temporal_70 --genepop
outputs/denovo_master/Ne_temporal/10_10/sim1/populations.log	populations v2.60, executed 2022-07-11 16:09:59 (zlib-1.2.11	populations -P . -M ../../data/popmaps/Ne_raffonei_temporal_sim1 -r 0.5 --write-single-snp -O ./Ne_temporal/10_10/sim1/ --genepop
outputs/denovo_master/Ne_temporal/10_10/sim2/populations.log	populations v2.60, executed 2022-07-11 16:13:03 (zlib-1.2.11	populations -P . -M ../../data/popmaps/Ne_raffonei_temporal_sim2 -r 0.5 --write-single-snp -O ./Ne_temporal/10_10/sim2/ --genepop
outputs/denovo_master/Ne_temporal/10_10/sim3/populations.log	populations v2.60, executed 2022-07-11 16:14:52 (zlib-1.2.11	populations -P . -M ../../data/popmaps/Ne_raffonei_temporal_sim3 -r 0.5 --write-single-snp -O ./Ne_temporal/10_10/sim3/ --genepop
outputs/denovo_master/Ne_temporal/10_10/sim4/populations.log	populations v2.60, executed 2022-07-11 16:17:19 (zlib-1.2.11	populations -P . -M ../../data/popmaps/Ne_raffonei_temporal_sim4 -r 0.5 --write-single-snp -O ./Ne_temporal/10_10/sim4/ --genepop
outputs/denovo_master/Ne_temporal/10_10/sim5/populations.log	populations v2.60, executed 2022-07-11 16:20:15 (zlib-1.2.11	populations -P . -M ../../data/popmaps/Ne_raffonei_temporal_sim5 -r 0.5 --write-single-snp -O ./Ne_temporal/10_10/sim5/ --genepop
outputs/denovo_master/Ne_temporal/10_10/sim6/populations.log	populations v2.60, executed 2022-07-11 16:22:46 (zlib-1.2.11	populations -P . -M ../../data/popmaps/Ne_raffonei_temporal_sim6 -r 0.5 --write-single-snp -O ./Ne_temporal/10_10/sim6/ --genepop
outputs/denovo_master/Ne_temporal/populations.log	populations v2.60, executed 2022-07-11 16:39:09 (zlib-1.2.11	populations -P . -M ../../data/popmaps/Ne_raffonei_2015_2017 -r 0.5 --write-single-snp -O ./Ne_temporal/ --genepop
outputs/denovo_master/NewHybrid/all_samples/populations.log	populations v2.60, executed 2022-05-03 13:12:24 (zlib-1.2.11	populations -P . -M /home/dsalvi/LIZARD/raffonei_siculus/analysis/data/popmaps/all_samples_group -r 0.75 -p 3 --write-single-snp --min-mac 2 -O ./NewHybrid/ -t 8 --genepop --vcf --plink
outputs/denovo_master/NewHybrid/all_samples_top_50/populations.log	populations v2.60, executed 2022-05-05 16:56:55 (zlib-1.2.11	populations -P . -M ../../data/popmaps/NewHybrids_all_samples -W ./NewHybrid/top50_whitelist.tsv --genepop -O ./NewHybrid/all_samples_top_50/ -t 8
outputs/denovo_master/NewHybrid_v2/all_samples/populations.log	populations v2.60, executed 2022-05-11 15:52:37 (zlib-1.2.11	populations -P . -M ../../data/popmaps/NewHybrids_pure_samples --write-single-snp -O ./NewHybrid_v2/ --genepop -W ./NewHybrid_v2/unknown_nomissing/Whitelist.tsv -r 0.8
outputs/denovo_master/NewHybrid_v2/unknown_nomissing/populations.log	populations v2.60, executed 2022-05-11 15:40:14 (zlib-1.2.11	populations -P . -M ../../data/popmaps/NewHybrids_unknown_samples -r 1 --write-single-snp -O ./NewHybrid_v2/ --genepop
outputs/denovo_master/NewHybrid_v3/hybrid_samples/populations.log	populations v2.60, executed 2022-07-05 20:35:29 (zlib-1.2.11	populations -P . -M ../../data/popmaps/NewHybrids_unknown_samples -r 1 --write-single-snp -O ./NewHybrid_v3/unknown_samples --genepop
outputs/denovo_master/NewHybrid_v3/pure_samples/populations.log	populations v2.60, executed 2022-07-05 20:37:40 (zlib-1.2.11	populations -P . -M ../../data/popmaps/NewHybrids_pure_samples -O ./NewHybrid_v3/pure_samples/ -W ./NewHybrid_v3/unknown_samples/unknown_samples_whitelist.tsv -r 0.8 --genepop --write-single-snp
outputs/denovo_master/NewHybrid_v3/unknown_samples/populations.log	populations v2.62, executed 2022-08-23 16:08:32 (zlib-1.2.11	/home/dsalvi/programs/stacks-2.62/populations -P . -M ../../data/popmaps/NewHybrids_unknown_samples -r 1 --write-single-snp -O ./NewHybrid_v3/unknown_samples --vcf --vcf-all -t 24
outputs/denovo_master/NewHybrid_v4/pure_samples/all_loci/populations.log	populations v2.60, executed 2022-08-24 14:19:18 (zlib-1.2.11	populations -P . -M ../../data/popmaps/NewHybrids_pure_samples -r 0.8 -p 2 -O ./NewHybrid_v4/pure_samples/ -t 24 --genepop -W ./NewHybrid_v4/whitelist/whitelist.tsv --vcf
outputs/denovo_master/NewHybrid_v4/unknown_samples_top50/populations.log	populations v2.60, executed 2022-08-24 15:39:34 (zlib-1.2.11	populations -P . -M ../../data/popmaps/NewHybrids_unknown_samples -W ./NewHybrid_v4/top_loci/top_50_whitelist.tsv -O ./NewHybrid_v4/unknown_samples_top50/ --genepop -t 24 --vcf
outputs/denovo_master/NewHybrid_v4/whitelist/populations.log	populations v2.60, executed 2022-08-23 18:22:10 (zlib-1.2.11	populations -P . -M ../../data/popmaps/NewHybrids_unknown_samples -r 0.8 --write-single-snp -O ./NewHybrid_v4/ -t 24
outputs/denovo_master/populations_all_samples_NoLD/populations.log	populations v2.60, executed 2022-05-02 18:55:47 (zlib-1.2.11	populations -P . -M ../../data/popmaps/all_samples_refmap -O ./populations_all_samples_NoLD/ -t 8 --write-single-snp --vcf --plink -R 0.5
outputs/denovo_master/populations_diversity/all_loci_diversity/populations.log	populations v2.60, executed 2022-08-29 12:37:52 (zlib-1.2.11	populations -P . -M ../../data/popmaps/raf_sic_highqual -p 2 -O populations_diversity/all_loci_diversity/ -t 24 --min-mac 2
outputs/denovo_master/populations_diversity/missing_50/populations.log	populations v2.60, executed 2022-08-29 12:51:13 (zlib-1.2.11	populations -P . -M ../../data/popmaps/raf_sic_highqual -p 2 -r 0.5 -O populations_diversity/missing_50/ -t 24 --min-mac 2 --vcf
outputs/denovo_master/populations_diversity/no_missing/populations.log	populations v2.60, executed 2022-08-29 13:01:47 (zlib-1.2.11	populations -P . -M ../../data/popmaps/raf_sic_highqual -p 2 -r 1 -O populations_diversity/no_missing/ -t 24 --min-mac 2 --vcf
outputs/denovo_master/populations_diversity/raffonei/missing_50/populations.log	populations v2.60, executed 2022-08-29 15:46:57 (zlib-1.2.11	populations -P . -M ../../data/popmaps/raffonei_highqual -r 0.5 -O ./populations_diversity/raffonei/missing_50/ --write-single-snp -t 24 --vcf --genepop
outputs/denovo_master/populations_diversity/raffonei/missing_allowed/calculate_hwe/populations.log	populations v2.60, executed 2022-08-30 11:40:49 (zlib-1.2.11	populations -P . -M ../../data/popmaps/raffonei_highqual -O ./populations_diversity/raffonei/missing_allowed/calculate_hwe/ -t 24 --hwe
outputs/denovo_master/populations_diversity/raffonei/missing_allowed/in_hwe/populations.log	populations v2.60, executed 2022-08-30 11:46:18 (zlib-1.2.11	populations -P . -M ../../data/popmaps/raffonei_highqual -O ./populations_diversity/raffonei/missing_allowed/in_hwe -t 24 --vcf -B populations_diversity/raffonei/missing_allowed/calculate_hwe/hwe_blacklist.tsv
outputs/denovo_master/populations_diversity/raffonei/missing_allowed/populations.log	populations v2.60, executed 2022-08-29 15:53:21 (zlib-1.2.11	populations -P . -M ../../data/popmaps/raffonei_highqual -O ./populations_diversity/raffonei/missing_allowed/ -t 24 --vcf --genepop
outputs/denovo_master/populations_diversity/raffonei/no_missing/populations.log	populations v2.60, executed 2022-08-29 15:48:10 (zlib-1.2.11	populations -P . -M ../../data/popmaps/raffonei_highqual -r 1 -O ./populations_diversity/raffonei/no_missing/ --write-single-snp -t 24 --vcf --genepop
outputs/denovo_master/populations_fst/populations.log	populations v2.64, executed 2023-12-07 16:23:29 (zlib-1.2.11	populations -t 8 -P . -M ../../data/popmaps/pure_samples_raf_sic --fstats -p 2 -r 100 -O ./populations_fst/
outputs/denovo_master/populations_fst/whitelist_fst_0.9/populations.log	populations v2.64, executed 2023-12-07 16:54:07 (zlib-1.2.11	populations -P . -M ../../data/popmaps/samples_sic_raf_hybrid -r 100 -W ./populations_fst/fst_greater_than_0.9.whitelist.tsv --vcf -O ./populations_fst/whitelist_high_fst/
outputs/denovo_master/populations.log	populations v2.60, executed 2022-08-18 16:13:10 (zlib-1.2.11	populations -P . -M ../../data/popmaps/samples_simple -O . --vcf
outputs/denovo_master/populations_r90_minmac/populations.log	populations v2.60, executed 2022-05-02 20:36:34 (zlib-1.2.11	populations -P . -M ../../data/popmaps/capo_raf_vulc_sic -O . -r 0.9 --min-mac 2 -t 8 --genepop --vcf
outputs/denovo_master/populations_structure/fineRAD/round_1/populations.log	populations v2.60, executed 2022-06-17 15:28:34 (zlib-1.2.11	populations -P . -M ../../data/popmaps/no_intermediates -r 0.5 -p 2 --min-mac 2 --out populations_structure/fineRAD/round_1/ --vcf -t 24
outputs/denovo_master/populations_structure/fineRAD/round_2/populations.log	populations v2.60, executed 2022-08-25 13:04:05 (zlib-1.2.11	populations -P . -M ../../data/popmaps/samples_simple_fineRAD -W populations_structure/fineRAD/round_1/whitelist_pure_sic_raf.tsv --out populations_structure/fineRAD/round_2/ --fineRAD -t 24
outputs/denovo_master/populations_structure/round_1/populations.log	populations v2.60, executed 2022-06-16 19:30:57 (zlib-1.2.11	populations -P . -M ../../data/popmaps/no_intermediates -r 0.5 -p 2 --min-mac 2 --write-single-snp --out populations_structure/ --vcf -t 24
outputs/denovo_master/populations_structure/round_2/populations.log	populations v2.60, executed 2022-06-16 19:38:11 (zlib-1.2.11	populations -P . -M ../../data/popmaps/samples_simple -W ./populations_structure/round_1/whitelist_pure_sic_raf.tsv --out ./populations_structure/ --write-single-snp --vcf -t 24
outputs/denovo_master/populations_structure/round_4_raffonei_CG/populations.log	populations v2.60, executed 2022-08-18 17:51:13 (zlib-1.2.11	populations -P . -M ../../data/popmaps/raffonei_2015_2017 -W ./populations_structure/round_2/whitelist.tsv -O ./populations_structure/round_4/ --vcf --plink
outputs/denovo_master/populations_structure/round_5_siculus_vulc/populations.log	populations v2.60, executed 2022-08-18 18:11:12 (zlib-1.2.11	populations -P . -M ../../data/popmaps/siculus_2015_2017 -W ./populations_structure/round_2/whitelist.tsv -O ./populations_structure/round_5_siculus_vulc/ --vcf --plink
outputs/denovo_master/populations_structure/round_6_milazzo_vulcano/populations.log	populations v2.60, executed 2022-08-18 18:23:48 (zlib-1.2.11	populations -P . -M ../../data/popmaps/all_siculus -W ./populations_structure/round_2/whitelist.tsv -O ./populations_structure/round_6_milazzo_vulcano/ --vcf --plink
outputs/denovo_master/pure_raf_sic/2640_loci/populations.log	populations v2.60, executed 2022-06-16 16:08:15 (zlib-1.2.11	populations -P . -M ../../data/popmaps/raffonei_siculus_pure_samples -r 0.6 -O ./pure_raf_sic/ --vcf --plink
outputs/denovo_master/pure_raf_sic/35803_loci/populations.log	populations v2.60, executed 2022-06-16 16:10:11 (zlib-1.2.11	populations -P . -M ../../data/popmaps/raffonei_siculus_pure_samples -r 0.6 -O ./pure_raf_sic/ --vcf --plink -t 24
outputs/denovo_master/raffonei_2015_2017/populations.log	populations v2.60, executed 2022-07-11 16:43:54 (zlib-1.2.11	populations -P . -M ../../data/popmaps/Ne_raffonei_2015_2017 -r 0.5 --write-single-snp -O ./2015_2017_raffonei/ --genepop --vcf --plink
outputs/denovo_master/raffonei_all_capo_grosso/no_missing/populations.log	populations v2.60, executed 2022-05-04 17:48:22 (zlib-1.2.11	populations -P . -M ../../data/popmaps/raffonei_capo_grosso -O ./raffonei_all_capo_grosso/no_missing/ -t 8 --write-single-snp --vcf --genepop
outputs/denovo_master/raffonei_only/populations.log	populations v2.60, executed 2022-05-03 21:15:26 (zlib-1.2.11	populations -P . -M ../../data/popmaps/raffonei_sfs -O ./raffonei_only/ -t 8 --write-single-snp --vcf
outputs/denovo_master/SFS_building/25_samples/populations.log	populations v2.60, executed 2022-08-30 19:17:13 (zlib-1.2.11	populations -P . -M ../../data/popmaps/sfs_raffonei_inds -O SFS_building/25_samples/ -t 24 --vcf -r 1
outputs/denovo_master/SFS_building/39_samples/populations.log	populations v2.60, executed 2022-08-30 19:36:57 (zlib-1.2.11	populations -P . -M ../../data/popmaps/sfs_raffonei_inds_2 -O SFS_building/39_samples/ -t 24 --vcf -r 1
outputs/denovo_master/SFS_building/73_samples/inhwe/populations.log	populations v2.60, executed 2022-08-30 12:22:32 (zlib-1.2.11	populations -P . -M ../../data/popmaps/2017_raffonei_edit -O ./SFS_building/inhwe/ -t 24 -B ./SFS_building/inhwe/hwe_blacklist.tsv --vcf
outputs/denovo_master/SFS_building/73_samples/raw/populations.log	populations v2.60, executed 2022-08-30 12:02:16 (zlib-1.2.11	populations -P . -M ../../data/popmaps/2017_raffonei_edit --vcf -O ./SFS_building/ -t 24
outputs/denovo_master/SFS_building/74_samples/populations.log	populations v2.60, executed 2022-08-30 16:02:56 (zlib-1.2.11	populations -P . -M ../../data/popmaps/2017_raffonei --vcf -O ./SFS_building/74_samples/ -t 24
outputs/denovo_master/siculus_2015_2017/populations.log	populations v2.60, executed 2022-06-14 17:55:26 (zlib-1.2.11	populations -P . -M ../../data/popmaps/siculus_2015_2017 --write-single-snp --vcf --plink -r 0.8 -O ./siculus_2015_2017/
outputs/denovo_master/siculus_2015_2017_v2/populations.log	populations v2.60, executed 2022-07-11 17:10:33 (zlib-1.2.11	populations -P . -M ../../data/popmaps/siculus_2015_2017 -r 0.5 --write-single-snp -O ./soculus_2015_2017_v2/ --genepop --vcf --plink
outputs/denovo_master/siculus_2017/missing_50/populations.log	populations v2.60, executed 2022-08-16 13:10:26 (zlib-1.2.11	populations -P . -M ../../data/popmaps/2017_siculus -O ./siculus_2017/missing_50 -t 8 -W ./siculus_2017/missing_50/hwe_whitelist --vcf --genepop --plink
outputs/denovo_master/siculus_2017/missing_50/single_snp/populations.log	populations v2.60, executed 2022-08-16 15:50:23 (zlib-1.2.11	populations -P . -M ../../data/popmaps/2017_siculus -O ./siculus_2017/missing_50/single_snp -t 8 -W ./siculus_2017/missing_50/hwe_whitelist --vcf --genepop --plink --write-single-snp
outputs/denovo_master/siculus_2017/missing_80/populations.log	populations v2.60, executed 2022-08-16 12:43:12 (zlib-1.2.11	populations -P . -M ../../data/popmaps/2017_siculus -O ./siculus_2017/missing_80 -t 8 -W ./siculus_2017/missing_80/hwe_whitelist --vcf --genepop --plink
outputs/denovo_master/siculus_2017/missing_80/single_snp/populations.log	populations v2.60, executed 2022-08-16 15:52:32 (zlib-1.2.11	populations -P . -M ../../data/popmaps/2017_siculus -O ./siculus_2017/missing_80/single_snp -t 8 -W ./siculus_2017/missing_80/hwe_whitelist --vcf --genepop --plink --write-single-snp
outputs/denovo_master/siculus_only/populations.log	populations v2.60, executed 2022-05-10 17:21:28 (zlib-1.2.11	populations -P . -M ../../data/popmaps/siculus_sfs --write-single-snp --vcf -O ./siculus_only/
outputs/denovo_master/tsv2bam.log	tsv2bam v2.60, executed 2022-06-15 16:42:07 (zlib-1.2.11)	tsv2bam -P . -s DB27870 -R ../samples -t 24
outputs/refmap_muralis/all_loci_diversity/populations.log	populations v2.60, executed 2022-08-29 11:46:48 (zlib-1.2.11	populations -P ./output/ -M ./popmaps/raf_sic_highqual -W ./all_loci_diversity/all_loci_both_species_noZ_whitelist.tsv -O all_loci_diversity/ -t 24
outputs/refmap_muralis/missing_50/populations.log	populations v2.60, executed 2022-08-29 11:57:54 (zlib-1.2.11	populations -P output/ -M popmaps/raf_sic_highqual -r 0.5 -W ./all_loci_diversity/all_loci_both_species_noZ_whitelist.tsv -O ./missing_50/ --vcf
outputs/refmap_muralis/no_missing/populations.log	populations v2.60, executed 2022-08-29 12:00:22 (zlib-1.2.11	populations -P output/ -M popmaps/raf_sic_highqual -r 1 -W ./all_loci_diversity/all_loci_both_species_noZ_whitelist.tsv -O no_missing/ --vcf -t 24
outputs/refmap_muralis/output/gstacks.log	gstacks v2.60, executed 2022-08-22 12:01:15 (zlib-1.2.11)	/home/dsalvi/programs/stacks-2.60/bin/gstacks -I ./bams/ -M ./popmaps/samples_simple -O ./output -t 24
outputs/refmap_muralis/output/populations.log	populations v2.60, executed 2022-08-22 12:11:28 (zlib-1.2.11	/home/dsalvi/programs/stacks-2.60/bin/populations -P ./output -M ./popmaps/samples_simple -t 24
outputs/refmap_muralis/output/ref_map.log	ref_map.pl version 2.60 started at 2022-08-22 12:01:15	/home/dsalvi/programs/stacks-2.60/bin/ref_map.pl --samples ./bams/ --popmap ./popmaps/samples_simple -o ./output/ -T 24
outputs/refmap_muralis/populations/populations.log	populations v2.60, executed 2022-05-02 20:07:47 (zlib-1.2.11	populations -P ./output -M ../../data/popmaps/capo_raf_vulc_sic_refmap -O ./populations -r 0.9 -t 8 --min-maf 0.05
outputs/refmap_muralis/raffonei/missing_50/populations.log	populations v2.60, executed 2022-08-26 18:38:13 (zlib-1.2.11	populations -P ./output/ -M ./popmaps/raffonei_highqual -W ./all_loci_diversity/all_loci_both_species_noZ_whitelist.tsv -r 0.5 -O raffonei/missing_50/ -t 24 --vcf
outputs/refmap_muralis/raffonei_neestimator/missing_50/populations.log	populations v2.60, executed 2022-08-29 16:49:48 (zlib-1.2.11	populations -P ./output/ -M ./popmaps/raffonei_highqual -W ./raffonei_neestimator/round_2/pruned_whitelist.tsv -r 0.5 -O ./raffonei_neestimator/ --write-single-snp -t 24 --genepop --vcf
outputs/refmap_muralis/raffonei_neestimator/no_missing/populations.log	populations v2.60, executed 2022-08-29 16:54:00 (zlib-1.2.11	populations -P ./output/ -M ./popmaps/raffonei_highqual -W ./raffonei_neestimator/round_2/pruned_whitelist.tsv -r 1 -O ./raffonei_neestimator/no_missing/ --write-single-snp -t 24 --genepop --vcf
outputs/refmap_muralis/raffonei_neestimator/round_1/populations.log	populations v2.60, executed 2022-08-29 16:25:57 (zlib-1.2.11	populations -P ./output/ -M ./popmaps/raffonei_highqual -O ./raffonei_neestimator/ -t 24
outputs/refmap_muralis/raffonei_neestimator/round_2/populations.log	populations v2.60, executed 2022-08-29 16:39:48 (zlib-1.2.11	populations -P ./output/ -M ./popmaps/raffonei_highqual -O ./raffonei_neestimator/round_2/ -t 24 -B ./raffonei_neestimator/round_1/Z_blacklist --plink
outputs/refmap_muralis/raffonei/no_missing/populations.log	populations v2.60, executed 2022-08-26 18:42:03 (zlib-1.2.11	populations -P ./output/ -M ./popmaps/raffonei_highqual -W ./all_loci_diversity/all_loci_both_species_noZ_whitelist.tsv -r 1 -O raffonei/no_missing/ -t 24 --vcf
outputs/refmap_muralis/raffonei/raffonei_downsampled/iter_1/populations.log	populations v2.60, executed 2022-08-26 18:50:54 (zlib-1.2.11	populations -P ./output/ -M ./popmaps/iter_1 -W ./all_loci_diversity/all_loci_both_species_noZ_whitelist.tsv -r 1 -O raffonei/raffonei_downsampled/iter_1/ -t 24 --vcf
outputs/refmap_muralis/raffonei/raffonei_downsampled/iter_2/populations.log	populations v2.60, executed 2022-08-26 18:58:21 (zlib-1.2.11	populations -P ./output/ -M ./popmaps/iter_2 -W ./all_loci_diversity/all_loci_both_species_noZ_whitelist.tsv -r 1 -O raffonei/raffonei_downsampled/iter_2/ -t 24 --vcf
outputs/refmap_muralis/raffonei/raffonei_downsampled/iter_3/populations.log	populations v2.60, executed 2022-08-26 19:01:16 (zlib-1.2.11	populations -P ./output/ -M ./popmaps/iter_3 -W ./all_loci_diversity/all_loci_both_species_noZ_whitelist.tsv -r 1 -O raffonei/raffonei_downsampled/iter_3/ -t 24 --vcf
outputs/refmap_muralis/raffonei/raffonei_downsampled/iter_4/populations.log	populations v2.60, executed 2022-08-26 19:04:24 (zlib-1.2.11	populations -P ./output/ -M ./popmaps/iter_4 -W ./all_loci_diversity/all_loci_both_species_noZ_whitelist.tsv -r 1 -O raffonei/raffonei_downsampled/iter_4/ -t 24 --vcf
outputs/refmap_muralis/raffonei/raffonei_downsampled/iter_5/populations.log	populations v2.60, executed 2022-08-26 19:07:28 (zlib-1.2.11	populations -P ./output/ -M ./popmaps/iter_5 -W ./all_loci_diversity/all_loci_both_species_noZ_whitelist.tsv -r 1 -O raffonei/raffonei_downsampled/iter_5/ -t 24 --vcf
outputs/refmap_muralis/siculus/missing_50/populations.log	populations v2.60, executed 2022-08-26 18:38:03 (zlib-1.2.11	populations -P ./output/ -M ./popmaps/siculus_highqual -W ./all_loci_diversity/all_loci_both_species_noZ_whitelist.tsv -r 0.5 -O siculus/missing_50/ -t 24 --vcf
outputs/refmap_muralis/siculus/no_missing/populations.log	populations v2.60, executed 2022-08-26 18:43:19 (zlib-1.2.11	populations -P ./output/ -M ./popmaps/siculus_highqual -W ./all_loci_diversity/all_loci_both_species_noZ_whitelist.tsv -r 1 -O siculus/no_missing/ -t 24 --vcf
outputs/refmap_raffonei/neestimator/populations.log	populations v2.64, executed 2023-08-10 16:00:41 (zlib-1.2.11	populations -P ./output/ -W ./output/Z_W_removed_whitelist.tsv -M ./popmaps/2017_raffonei --min-mac 2 -p 1 -r 1 -O ./neestimator/ --vcf -t 24 --genepop
outputs/refmap_raffonei/output/gstacks.log	gstacks v2.64, executed 2023-08-09 16:45:24 (zlib-1.2.11)	/usr/local/bin/gstacks -I /home/dsalvi/LIZARD/raffonei_siculus/capo_grosso_analysis/outputs/refmap_raffonei/aligned/ -M /home/dsalvi/LIZARD/raffonei_siculus/capo_grosso_analysis/outputs/refmap_raffonei/popmaps/all_inds_refmap_popmap -O /home/dsalvi/LIZARD/raffonei_siculus/capo_grosso_analysis/outputs/refmap_raffonei/output -t 24
outputs/refmap_raffonei/output/populations.log	populations v2.64, executed 2023-08-09 16:57:23 (zlib-1.2.11	/usr/local/bin/populations -P /home/dsalvi/LIZARD/raffonei_siculus/capo_grosso_analysis/outputs/refmap_raffonei/output -M /home/dsalvi/LIZARD/raffonei_siculus/capo_grosso_analysis/outputs/refmap_raffonei/popmaps/all_inds_refmap_popmap -t 24
outputs/refmap_raffonei/output/ref_map.log	ref_map.pl version 2.64 started at 2023-08-09 16:45:24	/usr/local/bin/ref_map.pl --samples /home/dsalvi/LIZARD/raffonei_siculus/capo_grosso_analysis/outputs/refmap_raffonei/aligned --popmap /home/dsalvi/LIZARD/raffonei_siculus/capo_grosso_analysis/outputs/refmap_raffonei/popmaps/all_inds_refmap_popmap --out-path /home/dsalvi/LIZARD/raffonei_siculus/capo_grosso_analysis/outputs/refmap_raffonei/output -T 24
outputs/refmap_raffonei/pop_down1/populations.log	populations v2.64, executed 2023-08-10 14:31:08 (zlib-1.2.11	populations -P ./output/ -W ./output/Z_W_removed_whitelist.tsv -M ./popmaps/raffonei_downsample/raffonei_highqual_downsampled_iter1 --min-mac 2 -p 2 -r 1 -O ./pop_down1/ --vcf -t 24
outputs/refmap_raffonei/pop_down2/populations.log	populations v2.64, executed 2023-08-10 14:36:59 (zlib-1.2.11	populations -P ./output/ -W ./output/Z_W_removed_whitelist.tsv -M ./popmaps/raffonei_downsample/raffonei_highqual_downsampled_iter2 --min-mac 2 -p 2 -r 1 -O ./pop_down2/ --vcf -t 24
outputs/refmap_raffonei/pop_down3/populations.log	populations v2.64, executed 2023-08-10 14:56:31 (zlib-1.2.11	populations -P ./output/ -W ./output/Z_W_removed_whitelist.tsv -M ./popmaps/raffonei_downsample/raffonei_highqual_downsampled_iter3 --min-mac 2 -p 2 -r 1 -O ./pop_down3/ --vcf -t 24
outputs/refmap_raffonei/pop_down4/populations.log	populations v2.64, executed 2023-08-10 15:08:56 (zlib-1.2.11	populations -P ./output/ -W ./output/Z_W_removed_whitelist.tsv -M ./popmaps/raffonei_downsample/raffonei_highqual_downsampled_iter4 --min-mac 2 -p 2 -r 1 -O ./pop_down4/ --vcf -t 24
outputs/refmap_raffonei/pop_down5/populations.log	populations v2.64, executed 2023-08-10 15:39:32 (zlib-1.2.11	populations -P ./output/ -W ./output/Z_W_removed_whitelist.tsv -M ./popmaps/raffonei_downsample/raffonei_highqual_downsampled_iter5 --min-mac 2 -p 2 -r 1 -O ./pop_down5/ --vcf -t 24
outputs/refmap_raffonei/populations_no_missing/populations.log	populations v2.64, executed 2023-08-10 14:20:42 (zlib-1.2.11	populations -P ./output/ -W ./output/Z_W_removed_whitelist.tsv -M ./popmaps/raf_sic_highqual --min-mac 2 -p 2 -r 1 -O ./populations_no_missing/ --vcf -t 24
outputs/refmap_raffonei/sex_chromosome_analysis/populations.log	populations v2.64, executed 2024-09-27 22:52:09 (zlib-1.2.11	populations -P ./output/ -O ./sex_chromosome_analysis/ -M ./popmaps/all_inds_refmap_popmap --vcf -r 0.8 -t 8
