10003	71
10008	143
10010	256
10012	59
10021	65
10022	40
10024	11
10026	150
10027	97
10029	112
10032	32
10034	240
10040	27
10041	79
10043	37
10047	231
10050	63
10051	39
10054	110
10059	266
10061	138
10062	218
10068	30
10069	49
10071	113
1007	260
10073	18
10081	53
10083	125
10089	24
10091	6
10101	136
10109	100
10112	13
1011	28
10114	207
10116	136
10117	66
10118	37
10120	301
10121	166
10122	23
10123	24
101	29
10131	116
10132	58
10133	249
10135	94
10137	198
10139	169
10143	48
10147	250
10149	233
10154	15
1016	23
10162	31
10163	299
10172	202
10174	25
10175	146
10177	140
10181	152
10187	24
10194	16
10197	181
10198	191
10200	6
10203	76
10205	19
10206	22
10213	228
10215	35
10218	48
10221	47
10222	21
10227	230
10228	39
10233	87
10234	73
1023	59
10236	144
10237	176
10239	62
10241	36
1024	272
10244	76
10245	31
10246	145
1025	275
10255	35
10256	22
10258	119
10259	78
10263	31
10265	69
10275	176
1028	81
10296	12
10297	14
10298	116
10301	205
10302	41
10311	64
10316	142
10322	82
1032	67
10332	204
10333	285
10336	188
10338	14
10340	108
10344	57
10351	34
10355	68
10357	27
10358	52
10359	88
10368	109
10371	183
10374	175
10378	72
10384	82
10391	184
10393	28
10394	63
1039	77
10398	195
10402	82
10404	110
10408	12
10414	142
10417	82
10418	43
10422	31
10423	111
1042	60
10432	195
10440	83
1044	166
10448	208
10453	23
10454	190
10461	44
10464	110
10465	208
10469	151
10471	188
10472	264
10474	90
10476	28
10480	18
10484	76
10486	53
10492	145
10493	137
10495	46
10498	25
1050	229
10503	145
10506	111
10507	59
10509	189
10514	96
10521	12
10524	95
1052	52
10532	35
10536	15
10540	20
10543	200
10550	44
10552	17
10553	21
10559	157
10564	9
10568	12
10578	25
10582	250
10585	10
10587	20
10588	176
10598	15
10600	268
10605	47
1061	132
10612	280
10615	60
10619	147
10620	35
10621	248
1062	23
10650	82
10653	38
10656	84
10663	21
10664	175
1067	10
10676	127
10687	18
10693	118
10702	141
10706	80
1070	69
10707	145
10716	210
10718	26
1072	166
10735	146
10738	26
10739	340
10741	59
10743	23
10745	82
10748	24
10755	124
1076	23
10762	35
10765	42
10773	126
10774	169
10781	53
10784	26
1079	61
10797	274
10801	25
10810	269
10819	141
1082	106
10828	66
10829	103
10833	22
10842	46
108	47
10852	95
10864	216
10865	49
10876	53
10883	241
10888	6
10889	153
1089	11
10892	17
10900	100
1090	137
10909	192
10910	167
10913	93
1091	50
10927	83
10931	167
10933	74
10939	74
1094	158
10943	49
10944	130
10947	219
10948	68
10951	29
10953	31
1095	40
10955	18
10960	43
10961	182
10972	176
10973	9
10987	69
11003	13
1100	41
11004	165
11008	262
11009	40
1101	113
110	118
11012	22
11015	52
11018	93
11019	246
11021	184
11024	52
11028	18
11048	29
11055	148
11057	249
11058	134
11067	289
11069	10
11071	94
11072	55
11081	150
11091	259
11096	40
11	103
11106	275
11107	28
11110	225
1111	188
11112	26
11122	12
1112	225
11128	50
11130	57
11135	222
11136	179
11140	281
11144	155
11147	64
11153	161
11155	11
11157	54
11160	188
11167	111
11168	200
11176	11
11182	46
11184	80
1119	16
11197	45
11200	199
1120	28
11204	169
1122	22
11226	21
11227	217
11229	72
11230	133
11231	258
11233	60
11239	59
11243	28
11244	33
11246	194
1125	106
1126	10
11261	49
11262	169
11263	16
1127	170
11283	106
11288	68
11290	6
1129	50
11297	116
11318	255
11320	76
1132	264
11323	153
11324	260
11325	257
11330	103
11331	214
11333	10
11339	89
11342	243
1134	82
11355	211
11364	226
11365	97
11366	251
11374	263
11375	149
11379	97
11384	8
11390	101
11395	32
1139	54
11396	26
11397	58
11402	250
11406	254
11407	63
11408	16
1141	11
11416	29
11422	6
11424	40
11429	260
1143	31
11438	365
11439	154
11440	85
11452	128
1145	66
11461	259
11473	31
11474	62
11477	75
11478	66
11486	11
11488	6
11491	28
1149	37
11500	72
11501	62
11515	207
11520	118
1152	44
11525	12
1153	128
11532	12
11534	15
11537	148
11539	28
11545	63
11546	166
11549	177
11556	19
11559	184
11562	26
11572	166
1157	253
11575	86
11578	282
11579	313
11582	150
1158	220
11584	229
1159	172
11611	43
11612	28
11615	38
1162	106
11626	26
11629	183
11644	16
11650	73
11651	98
11658	240
11669	31
11676	201
11677	212
1168	69
11692	28
1	17
11701	21
11702	63
11703	10
11707	112
11710	8
1171	13
11713	267
11720	257
1172	13
11724	29
11726	12
11730	99
11737	78
1174	23
11742	50
11748	137
11756	159
11760	20
1177	250
11775	137
11776	116
11781	51
11783	143
11787	84
1179	212
11795	15
1180	112
11807	16
11816	60
11826	46
11829	201
1182	93
11830	343
11832	142
1183	59
11841	100
11846	34
11848	118
1185	18
11857	14
11860	113
11868	258
11869	168
11891	188
11901	76
11907	97
11908	232
11918	25
11921	204
11922	167
11932	28
11938	249
11940	35
11943	12
11947	56
11949	43
11952	179
11954	108
11957	22
11964	13
11966	140
11967	67
11968	49
11970	178
11971	126
1197	20
11974	76
11976	70
11978	232
11985	183
11986	91
11987	253
11990	103
11992	25
1199	93
12001	259
1200	274
12003	64
12011	215
12015	65
12019	62
12024	171
12030	28
12033	138
12035	37
12039	73
12048	75
12049	26
12050	146
12070	210
12072	93
12074	16
12075	67
12078	26
12085	11
12091	48
12092	104
1209	252
12093	59
12101	103
12111	29
12114	257
12115	39
12117	105
12122	139
121	267
12129	18
12133	57
12136	30
12137	99
12142	39
12145	43
1215	263
12153	200
12158	161
1216	116
12172	75
12179	174
12181	255
12182	216
1218	278
12193	59
12196	88
12197	75
12204	153
12209	185
12211	187
1221	16
12214	26
12217	203
12218	152
12231	262
12234	241
12236	34
12238	37
12239	51
12240	79
12241	52
1224	25
12244	96
12249	88
12250	44
12251	106
12254	82
122	55
12256	16
12257	160
12260	105
12264	98
12271	110
12272	13
12277	45
12278	11
12279	7
12283	271
12286	46
12287	43
12291	144
12293	15
1229	56
12299	8
12306	205
12311	26
12317	144
12319	206
12320	67
12321	78
1232	27
12327	62
12328	172
12330	57
12333	22
12338	7
12344	34
12345	24
12346	34
12347	180
12350	69
12364	74
12367	47
12369	258
12380	43
12384	22
12385	190
12388	240
12390	213
12391	20
12396	25
12402	232
12406	15
12409	37
12410	191
12411	209
12423	47
1242	35
12427	52
12432	112
12435	83
12437	54
12438	153
12440	220
12446	232
12453	111
12454	46
12457	117
12459	162
12461	246
12462	14
12463	238
12464	191
12466	20
12467	99
12478	37
12479	14
12481	6
1248	25
12483	127
124	85
12486	15
1249	179
12501	25
12504	60
12507	89
12508	213
12513	172
12516	216
12517	185
12521	108
12525	162
12527	193
12529	16
12538	59
12541	25
12545	261
12548	86
12555	25
12557	45
12560	27
12562	51
12565	138
12566	99
12567	104
12568	25
12577	56
12582	39
1258	269
12586	160
12587	260
12590	10
12592	19
12594	6
1259	63
12601	42
1261	316
126	15
12615	179
12617	28
12621	40
12622	103
12625	21
12628	178
12629	152
1263	37
12634	78
12636	126
12638	9
12657	142
12666	135
12667	142
1267	35
12679	76
12680	91
12683	130
1268	89
12691	15
12692	70
12	7
12705	15
12719	305
12723	74
12726	41
12728	141
1272	92
12730	29
12734	184
12735	252
12737	34
12749	85
12753	37
12760	179
12771	70
12775	272
12778	251
12779	70
12780	244
12782	181
12786	142
1278	8
12789	27
12798	78
12802	20
12805	90
12806	31
12811	51
12817	52
12819	189
12828	276
1282	85
12830	43
1283	186
12837	259
12838	150
12841	8
12842	12
12846	170
12850	75
1285	21
12855	184
12858	72
12862	241
12864	96
12871	157
12886	95
12891	97
12895	61
12897	250
12898	70
12901	6
12906	170
12908	95
12918	218
12919	128
12921	44
1292	37
12928	150
12929	20
12944	258
12945	234
12948	191
12955	286
12956	31
1296	349
12963	90
12964	207
12967	287
12972	55
12975	67
12978	29
12996	151
129	98
13004	150
1301	20
13014	152
13015	37
13018	64
13021	263
13022	61
13024	27
13025	39
13040	23
13042	38
13043	183
13044	216
13047	178
13051	40
13053	48
13056	154
13058	10
13062	291
13063	37
1306	44
13067	8
13071	147
13073	14
13076	52
13084	82
13087	95
13103	267
13104	79
13105	19
13110	6
13117	152
13118	44
13119	70
13120	10
1312	140
13125	185
13130	261
13131	256
13136	103
13137	110
13138	182
13140	265
13144	59
1315	52
13156	254
13157	152
13171	75
13172	44
13174	42
13176	145
13178	8
13183	114
13189	71
1319	55
13195	85
13201	69
13207	186
13216	201
13220	137
1322	90
132	34
13242	20
13249	8
1325	29
13254	162
13256	122
13262	101
1326	43
13267	91
13271	269
13277	263
13285	36
13291	237
1329	21
13294	257
13298	48
13302	210
13306	152
13307	228
13308	39
13311	195
13313	48
13314	76
13316	150
13317	167
13348	28
1335	216
13357	115
13364	71
13365	9
13367	138
13371	132
13372	93
13373	293
13374	170
1337	46
13376	21
13377	182
13378	61
13379	56
1338	283
13383	175
13385	203
13386	74
13388	242
13389	54
13390	203
13397	17
13403	178
13411	242
13412	26
13413	59
13420	162
13424	207
13425	247
13428	108
13432	20
13435	179
134	38
13438	246
13441	48
13442	214
13446	201
13458	63
13460	63
1346	55
13474	35
13476	101
13480	117
13485	12
13486	176
1349	105
13501	17
13502	20
13503	109
13513	259
13515	107
13517	28
13519	212
13	52
13520	26
13526	61
1353	106
13533	37
13541	144
1354	14
13542	218
13543	74
13544	200
13545	251
13546	11
13548	92
13549	17
13552	21
13554	164
135	57
13558	155
13567	78
13568	56
13571	49
13573	276
13575	101
13577	52
13580	107
13581	181
13584	16
1358	84
13590	117
1359	233
13598	78
13599	259
13601	66
1360	18
13602	11
13604	254
13607	156
13610	197
13611	100
13613	32
13615	67
13617	171
13619	114
13626	63
13631	10
13634	40
13640	19
13642	222
1364	58
13647	62
13653	13
13654	15
13655	131
1365	57
13658	100
1366	176
13663	62
13664	140
13666	62
13667	106
13669	31
1367	117
13672	102
1368	144
13686	55
13687	66
13688	15
13689	173
13690	123
13691	63
13692	24
13694	168
13696	92
13697	111
13699	27
13703	267
13709	152
13711	15
13712	167
13716	97
13717	136
13719	181
13720	142
13723	200
1372	35
13725	109
13728	239
13741	186
13746	242
13748	171
13757	56
13758	10
13759	58
13761	227
13763	260
13764	75
13765	61
13767	144
13771	192
13773	61
13776	46
1377	9
13780	26
13782	184
13783	31
13790	72
13791	138
13797	65
13799	104
1379	98
13804	115
13805	82
13806	187
1380	68
13807	30
1381	219
13815	74
13816	113
13820	163
1382	107
13821	178
13826	243
13828	142
13829	36
13834	104
13836	198
1384	37
13844	10
13845	38
13846	8
13848	141
13852	42
1385	251
13855	167
13857	79
13859	17
13860	261
13867	137
13869	43
1387	178
13874	203
13875	18
13882	97
13883	213
13885	209
13887	180
1389	102
13892	40
13895	159
13900	54
13902	23
13910	140
13911	48
13912	70
13913	71
13921	270
1392	151
13925	104
13929	212
13930	44
1393	103
13935	43
13936	30
13938	22
1394	108
13946	48
13949	46
13950	221
13951	150
13952	244
13960	257
13961	12
13974	95
13982	75
13990	175
13993	142
13998	92
14001	24
1400	161
14003	189
14006	33
14009	183
1401	226
14013	62
14016	210
14021	201
1402	48
14026	40
14028	10
14029	271
14030	205
14031	67
14035	262
1403	73
14040	159
14045	39
140	48
14048	131
14057	87
14060	97
14061	160
14064	105
14070	237
1407	11
14071	64
14072	44
14073	11
14077	202
1408	102
14081	107
14089	18
1409	23
14094	73
14099	17
14102	266
14116	272
14119	96
14131	28
14133	194
1413	80
14145	72
14147	180
14151	24
14156	196
14157	192
14158	37
14160	81
14166	275
14170	9
1417	49
14174	90
14177	272
14179	57
14181	160
14182	87
14187	37
14189	90
1419	153
14192	181
14193	13
14199	119
14200	198
14201	64
14203	138
14204	81
14208	16
14213	44
14215	75
14216	45
14218	157
14221	175
14224	31
14227	84
14229	134
14230	118
14231	244
14232	45
14233	35
14234	19
14242	55
14243	262
14248	116
14252	58
14254	201
14256	57
14257	24
14258	106
14260	19
14270	32
14271	147
14272	141
1427	22
14273	163
14274	259
14280	74
14282	8
1429	22
14293	19
14301	65
14305	26
14309	217
14317	72
14331	42
14333	18
1433	33
14336	133
14340	251
14349	26
14350	143
14352	88
14354	160
14363	32
14364	173
14370	44
1437	20
14374	66
14376	230
1438	180
14388	175
14392	131
14399	24
14404	64
14407	45
14409	49
14410	6
1441	73
14420	196
14422	117
14426	108
14428	148
14437	16
14442	206
14443	258
14445	265
14446	261
14447	26
14448	258
14456	69
14464	157
14465	195
14466	41
14468	50
14469	40
14470	231
14478	61
14483	12
14487	21
14491	63
14499	129
14503	17
14505	176
14506	58
14509	70
14511	135
1451	34
14516	55
14520	76
14522	134
14531	6
14539	30
14559	31
14560	242
14569	163
14570	204
1457	28
14578	171
14580	26
14589	149
14593	97
14594	97
14596	15
14597	256
14598	64
14599	20
14606	20
14607	270
14609	159
1461	105
14612	71
14618	41
14620	32
14625	212
14627	150
14628	249
14630	58
1464	254
14648	29
14649	24
14650	105
14657	45
14668	58
14670	106
14673	116
14674	6
14675	141
14678	28
14681	60
1468	86
14688	74
14697	114
14700	133
14709	72
14710	188
14712	55
14713	7
1471	84
14720	95
14721	293
14724	49
14728	6
14730	167
14743	140
1474	70
14747	34
14752	218
14755	92
14775	81
14776	97
14780	154
1479	158
1481	29
14836	85
14837	8
14839	243
148	44
1486	65
14869	36
14873	76
14874	31
14879	169
14883	47
1488	36
14885	99
14899	178
1490	222
14906	60
14911	184
14916	169
14918	27
14920	269
14921	43
14925	72
14929	279
14933	98
1493	42
14936	68
14937	40
14938	196
14941	64
14942	30
14943	66
14944	39
14947	41
1494	75
1495	257
14952	88
14953	30
14954	12
14963	68
1496	45
14968	23
14971	171
14973	111
14974	99
14976	30
14980	56
14987	49
1498	79
14988	185
1499	10
14997	9
14999	235
15000	40
15001	69
15002	17
1500	69
15009	144
15021	40
15024	51
15026	104
15031	220
15041	263
15044	56
15046	69
15047	146
15049	169
15051	197
15055	91
15062	109
15069	154
1507	17
15073	222
15076	70
15078	264
1508	203
15085	81
15086	116
15087	114
15091	23
15097	156
15101	90
15103	203
15104	17
15108	176
15110	136
15115	275
15116	195
15125	59
15127	257
15128	48
15130	71
15136	30
15137	143
15138	67
15139	48
15143	223
15144	18
15146	263
15151	102
15165	177
15167	22
15170	176
15172	89
15178	7
15189	173
15196	50
15198	232
1520	119
15201	21
1522	170
15224	177
15237	38
15246	134
15247	22
15250	36
15253	172
15256	94
15257	34
15258	85
15259	64
15260	40
15262	24
15268	74
15269	255
15282	194
15289	57
15293	208
15297	49
1529	86
15301	25
15304	146
15312	133
1532	239
153	23
15331	206
15332	47
1533	94
1534	22
15343	206
15344	70
15353	21
15355	28
15371	186
1537	255
15375	34
15376	21
15379	206
15382	43
15383	92
15384	258
15386	264
15388	6
15391	18
1539	28
15393	224
15400	218
15401	23
15403	21
15407	258
15409	42
15412	229
15418	118
15421	176
15424	146
15437	54
15443	113
15446	42
15447	153
1545	22
15454	7
15464	193
15466	73
15474	63
15482	25
1549	67
1550	262
15504	102
15512	32
15513	25
15516	192
15523	82
15525	187
15529	16
15545	149
1555	19
15555	79
15557	157
15561	265
15562	58
15572	113
15580	71
15587	206
15590	21
15593	202
15602	56
15603	109
15606	124
15612	113
15630	175
15632	102
15639	60
15642	95
15652	37
15654	86
15657	133
15658	182
15659	8
1566	258
15666	68
1567	135
15672	50
15673	180
15680	30
15686	94
15690	152
15698	15
15703	204
15705	213
15708	26
1571	242
15715	225
15730	13
15734	70
15738	19
1574	192
15744	17
15752	294
15753	34
15755	7
15761	16
15762	178
15763	105
1576	36
15768	198
15769	66
15776	240
15781	8
1578	31
15785	66
15792	24
15794	121
15796	204
15799	82
15814	33
15815	70
1582	105
15830	62
15834	140
15844	33
15845	14
15846	85
15847	35
15849	137
15853	42
15854	16
15856	93
15862	257
15865	70
15870	9
15874	26
15876	46
15881	138
15884	51
15892	70
15901	117
15924	239
15929	203
15930	174
15940	128
15941	61
15948	77
15950	12
15955	20
15957	224
15959	24
15964	14
15966	82
15968	106
15970	245
15974	112
15978	14
15980	50
15981	76
15982	150
15994	115
16001	192
16008	52
16012	106
1602	189
16024	10
16027	45
16029	99
16038	6
16042	82
16049	50
16050	36
16052	72
160	65
16068	13
16069	55
16075	181
16076	188
16079	194
16082	94
1608	54
16104	282
16110	107
16119	191
16127	86
16131	148
16136	178
16139	41
16142	155
16151	16
1615	21
16156	124
16158	54
1616	17
16166	138
16170	32
16173	34
16174	140
16181	256
16187	287
16189	46
16190	67
16191	243
16193	110
1619	34
16197	99
16199	20
16201	52
16208	40
16209	21
1621	257
16219	62
16228	191
1623	146
16234	22
16240	59
1624	145
16	26
162	75
16276	79
16278	79
16280	82
16289	29
16297	15
16298	92
16306	81
16308	52
16314	99
16316	94
16317	133
16329	55
1633	131
16339	271
16347	46
16349	85
1635	14
16352	174
16357	25
16364	125
16373	33
16378	179
16380	23
16381	147
16383	278
16390	109
16393	31
1640	145
16405	267
16406	133
16411	161
16412	257
16415	246
16419	102
16423	135
16429	259
16433	101
16438	39
16441	11
16446	42
1645	207
16454	233
16458	32
16460	20
16465	20
16476	42
16481	262
16483	182
16486	11
16487	106
16488	89
16495	71
16496	55
16507	99
16515	49
16519	182
1652	15
16521	6
16523	29
16525	136
16526	295
16527	14
16530	32
16539	35
16543	69
16549	109
1655	48
16555	81
16557	57
16561	127
16564	18
1656	49
16565	101
16568	153
16570	8
16572	83
16588	20
16589	47
1659	22
16598	102
16603	108
16604	186
16605	13
1660	66
16609	185
16618	65
16627	95
16636	75
16637	89
1663	8
16638	41
16642	84
16646	50
16654	176
16657	86
16658	168
16662	79
16664	31
16668	117
16675	52
1667	76
1668	214
16683	106
16693	141
16699	350
16703	40
167	105
16716	11
16717	12
16718	53
16719	155
1672	40
16726	105
16727	98
16735	156
16740	167
16762	11
1676	241
16764	144
16765	71
16775	44
16777	14
16778	108
16784	19
16787	7
16788	77
16789	169
16790	41
16801	54
16802	169
16804	76
16807	14
1681	262
16815	104
16816	23
16819	44
16827	84
16828	106
16830	18
16833	44
16834	76
16844	54
16845	29
16847	131
16848	38
16852	91
1685	37
16855	297
1686	19
16863	150
16864	41
16866	15
16867	102
16872	168
1687	230
16878	259
16879	12
16881	95
16885	97
16887	17
16890	136
16891	103
1689	20
16894	94
16905	208
16906	28
16913	47
16916	139
16919	257
16921	236
16926	211
16929	41
16935	54
16940	256
16949	94
16955	64
16962	221
16967	195
16969	30
16970	237
16972	63
16973	10
16974	133
16976	232
16980	206
16982	201
16986	123
16990	48
16993	118
16999	52
17000	74
17004	70
17005	174
17008	20
17009	60
17011	180
17016	15
17021	11
17028	31
17036	275
17037	52
17044	88
17055	259
17060	52
17061	78
17062	242
17063	70
17064	197
1706	51
17066	105
17068	89
17072	146
17073	54
1707	62
17076	26
17077	36
17089	9
17093	221
17097	98
17107	71
17109	232
17114	256
17122	159
171	234
1713	13
17131	325
17133	23
17135	24
1715	223
17155	29
17157	12
17164	37
17169	65
17182	121
17185	151
1718	78
17199	196
17205	104
17207	87
1721	6
17216	52
17217	22
17221	71
17227	186
17243	58
17247	71
17260	46
17262	58
17265	11
17269	46
17274	16
17277	194
17278	230
17279	77
17285	254
17286	106
172	87
17291	9
1729	21
17292	112
17293	240
17295	259
17299	247
17302	137
17305	198
17307	36
17310	153
17316	268
17318	272
17330	187
17331	16
1733	16
17332	20
17342	170
17355	15
17359	231
17360	149
17362	69
17364	134
17379	173
17380	83
17385	41
17386	10
17388	179
17396	18
1740	207
17402	54
17404	39
17408	173
17409	23
17412	22
17413	24
17419	78
17422	41
17426	20
17432	24
1744	296
17446	19
17451	213
17452	266
17464	31
17466	101
17471	174
17475	91
17478	18
17480	200
17481	34
1748	138
17482	258
17483	81
17490	47
17493	191
174	95
17495	65
17496	34
17500	36
1750	55
17506	178
17509	34
17512	70
17517	108
17524	64
17530	38
17532	185
17534	178
17536	37
17542	54
17543	50
1755	181
17551	91
17552	35
17558	203
17561	153
17562	211
17564	101
17572	16
17575	162
1758	19
17586	60
17588	12
17591	24
17599	149
17601	87
17602	58
17605	52
17609	19
17610	57
17612	53
17616	193
17619	207
1762	35
17625	182
17628	73
17636	20
1763	68
17639	261
1764	176
17643	108
17646	22
17648	42
17651	47
17657	22
17658	6
17665	193
17670	15
17674	65
17681	47
17682	191
17683	55
17691	156
17693	179
17696	118
1769	63
17699	50
17703	269
17705	190
17706	171
17720	10
177	202
17723	257
17733	91
17734	16
17735	121
17739	228
17744	64
17746	24
17756	117
17757	341
17762	15
17766	108
17769	52
17773	43
17775	51
17781	42
17782	38
17784	36
17785	22
17790	44
17791	77
17793	60
17794	83
17795	16
17796	211
17799	236
17803	150
17805	59
17815	39
1782	21
17824	100
17831	63
17833	245
17835	6
17836	40
17845	27
17849	21
17850	149
17851	208
17853	25
178	61
17864	57
17865	9
17873	28
17874	45
17878	45
1788	10
17889	31
17890	56
17891	91
17898	64
1790	23
17903	165
17905	54
17918	140
17919	67
17920	47
17921	31
17923	64
17925	89
17926	101
17930	48
17932	27
17934	146
17935	132
17936	42
17939	130
179	40
17942	140
17948	177
17950	75
17953	88
17955	42
17956	208
17958	256
1797	11
17971	96
17972	16
17975	217
17979	89
17981	44
17982	53
1799	16
17992	45
18000	105
18002	61
18008	194
18016	263
18018	60
18020	32
18022	244
18025	88
1803	115
18032	150
18036	28
18040	117
18041	9
18043	6
18044	8
18045	303
18052	217
18055	231
18056	29
18058	194
18060	63
18062	235
18063	27
18064	15
18065	34
18066	156
18071	47
1807	19
18093	46
18094	53
18095	15
18101	72
18112	154
18113	256
18115	20
18118	195
18123	84
18125	20
1812	71
18134	160
18135	69
18136	69
18142	8
18147	6
18148	34
18150	139
1815	153
18152	167
18156	258
18162	27
18166	74
18168	46
18176	98
18183	6
18187	30
181	9
18198	12
18214	279
18216	112
18232	91
18233	112
18234	142
18235	18
1823	58
18236	133
18239	23
18241	106
1824	45
18260	277
18269	72
18277	31
18279	20
18283	125
18284	182
18288	40
1829	35
18294	44
18301	83
18304	16
18315	27
18317	160
18318	47
18320	27
18326	8
18329	155
18330	171
18331	51
18334	16
18335	117
18336	41
18339	155
18343	77
18344	40
18350	41
18355	10
18358	89
18360	182
18364	296
18367	192
18371	157
18372	222
18375	244
18378	13
18379	235
18384	86
18387	45
1838	8
18388	72
18389	128
18390	47
1839	269
18393	249
18398	20
18399	86
1841	297
18417	41
18418	175
18419	266
18421	89
18423	198
18425	17
1843	163
18434	13
18435	9
18448	239
18451	9
18453	93
18466	21
18467	41
18468	19
18469	51
18475	66
18476	176
18483	86
18484	231
18487	16
18488	295
18493	50
18494	170
18495	102
18498	106
1850	151
18501	62
18503	58
18504	263
18506	19
18507	29
18517	73
18524	43
18527	35
18531	85
18537	51
18541	27
18547	47
18550	26
18552	73
18561	114
18565	248
18566	80
18570	218
18572	70
18573	106
18576	143
18579	30
18582	40
18584	243
18585	140
1859	19
18595	32
18597	137
18600	61
18603	31
18604	68
18610	116
18612	264
18615	10
18616	200
18619	199
18621	27
18622	52
186	228
18624	51
18625	59
18628	274
1863	18
18634	28
18638	12
1864	23
18647	158
18648	35
18649	88
18652	35
18658	150
18666	147
18667	24
18671	145
1867	36
18675	40
18679	34
18687	32
1869	14
18696	143
18699	237
18700	114
18701	11
18705	86
18708	80
1871	38
18714	27
18715	64
18720	226
18723	83
18725	132
1872	59
18731	69
18738	205
18739	44
1874	56
18755	279
1875	92
18760	98
18763	39
18764	139
18769	22
18777	83
18778	122
18787	22
18790	58
18795	133
18799	33
1879	96
1880	27
18804	82
18812	98
18814	74
18815	81
18819	8
18823	126
18825	15
18829	91
1883	174
18832	52
18833	111
18834	177
18839	56
18843	193
18850	159
18851	11
1885	115
18855	17
18856	40
18858	77
18860	35
18862	267
18863	28
18865	91
18868	28
18870	50
18872	264
18873	175
18882	244
1888	29
18883	81
18885	35
18889	195
18901	28
18905	16
18915	115
18928	93
18938	64
18943	173
1894	6
18952	102
18955	32
18957	15
18958	98
18968	201
1897	137
18973	10
18975	33
18978	56
18981	246
18982	211
18986	9
18991	13
18995	113
18999	42
19001	19
1900	49
19008	95
1901	289
19018	19
19019	187
19020	11
190	21
1903	20
19033	35
19034	73
19036	179
19037	144
19049	9
19052	18
19056	55
19058	40
19060	26
1906	23
19068	66
19072	102
19079	68
19086	218
19087	8
19099	265
1910	160
19106	20
191	118
19117	106
19121	44
19130	57
19131	69
19132	63
19135	40
19138	31
19145	189
19147	137
19152	45
19158	25
19161	91
19165	246
19166	348
19169	19
19170	134
19173	30
19175	160
19177	241
19178	158
19179	21
19188	18
19190	40
19196	228
19200	144
19208	109
19210	92
19211	258
19216	191
1921	66
19221	179
19223	17
19224	202
19228	111
19229	165
19231	26
19233	9
19236	48
19244	13
19248	265
19249	107
19261	106
1926	270
19269	43
19278	7
192	80
19280	67
1928	100
19281	184
19287	101
19288	221
19289	59
1929	166
19296	46
19299	229
19303	8
19304	73
19307	17
19310	224
19311	33
1931	145
19316	17
19321	299
19324	81
19330	79
19332	21
1933	281
19335	27
19338	50
19339	258
1934	133
19343	148
19348	144
19356	113
19363	87
19378	53
19382	35
19383	70
19385	56
19397	260
1940	10
19	41
1941	112
19414	94
19416	65
1942	145
19423	78
19424	66
19427	32
19430	210
1943	16
19435	69
19436	22
19451	175
1945	157
19459	96
19462	89
19465	13
19468	245
19470	41
19472	147
19474	27
19478	23
19479	159
19481	14
19488	49
19490	110
19494	177
19495	24
19496	49
19497	63
19502	172
19503	234
19505	172
19510	70
19511	11
19512	10
1951	58
195	16
19516	64
19523	249
19524	231
19527	69
19531	55
1953	199
19533	144
19538	14
19546	117
19558	53
19565	112
19571	8
1957	54
19580	255
19585	210
19590	236
19592	187
19597	78
19598	32
19605	64
19608	63
19609	182
19617	119
1962	158
19626	270
19628	139
19630	48
1963	16
19632	15
19641	20
19647	28
19649	159
1966	106
19661	185
19667	101
19670	88
19672	187
19683	140
19684	310
19685	8
19690	146
19691	135
19692	61
19695	44
1969	64
19698	23
19699	23
19706	96
19709	10
19710	265
19711	9
1971	259
19714	111
19725	51
19732	8
19733	45
19734	14
19735	82
1973	77
19739	105
19740	32
19741	12
19742	7
19746	59
19750	24
19756	63
19757	266
19759	43
19763	46
19771	220
19780	104
19782	149
19783	109
19791	24
19792	29
19793	64
19794	79
1979	90
19799	31
19800	100
19803	29
19809	250
1981	60
19817	82
19818	83
1982	10
19821	12
19824	110
19826	285
19827	41
19829	21
1983	244
198	37
19841	9
19849	176
19851	84
19852	178
19856	181
19857	115
1985	8
19861	296
19868	21
19871	58
19875	103
1987	52
19880	118
19884	25
19887	22
19892	156
1989	258
19893	281
19894	8
19895	84
19898	64
19899	193
19901	243
19904	265
19911	190
19913	20
19918	64
19921	231
19926	136
19932	23
19934	108
19935	170
19940	274
19945	58
19947	98
19950	124
19953	137
19956	63
19965	52
19966	123
19969	257
19977	152
19982	7
19986	110
19987	94
19988	207
19990	263
1999	54
19997	105
19999	81
20003	212
20006	84
20008	42
20016	12
20019	242
2002	247
20024	174
20030	104
20035	70
20037	227
20038	136
20040	259
20041	42
20046	132
20048	259
20049	383
2005	14
20053	43
20058	37
2006	43
20065	27
20069	149
20071	25
2007	206
20072	26
2008	250
20084	49
20085	14
20087	244
20088	12
20090	165
20091	11
20095	261
20108	48
20111	103
20114	23
20117	69
20118	7
20122	236
20123	227
20148	165
20149	215
20151	71
20152	139
20153	164
20155	216
20156	65
20157	237
20158	117
20180	23
20186	200
20189	231
20191	145
20201	181
20204	55
20208	261
2020	87
2021	26
20222	202
20223	209
20224	212
20231	185
20244	68
20247	25
20248	21
20259	107
2026	263
20266	67
20270	31
20271	218
20277	207
20278	269
20280	134
20283	85
20284	102
20288	48
20291	156
20292	64
20294	69
20297	6
20301	46
20303	19
20305	27
20306	208
20309	232
20312	104
20314	21
20319	66
20324	13
20334	260
20342	25
20343	115
20347	85
20354	49
2035	7
20358	29
20362	24
20365	17
20366	52
20372	52
20373	13
20377	53
20379	11
20380	9
20385	234
20386	100
20391	32
20398	227
20400	44
20403	199
20407	14
20413	171
20415	83
20419	259
20420	42
20422	263
2042	46
20427	61
20428	227
20431	283
20440	209
20446	70
20447	90
20448	8
20449	40
20453	111
2045	335
2046	184
20462	257
20471	258
2047	42
20474	272
20475	27
20477	19
2048	47
20487	55
20488	109
20490	138
20491	81
20501	47
20502	30
20503	39
20507	8
20508	207
20510	103
20512	36
20515	108
20517	162
20521	134
20527	51
20529	171
20534	63
20536	110
20538	71
20539	233
20540	112
2054	170
20545	275
20547	41
20548	57
2055	156
20556	35
20557	232
20563	244
20564	254
2056	59
20566	100
20569	71
20571	29
20573	181
20579	138
20581	77
2058	272
20590	128
20592	59
20594	38
20595	271
20599	20
2060	36
20609	58
20611	63
20617	13
20618	139
20620	62
20622	52
20626	108
20633	75
20638	24
20642	136
20650	159
20651	168
20656	254
20658	99
20666	22
20667	140
20669	94
20686	250
20689	48
2069	182
20695	166
20696	264
20698	223
20702	203
20705	53
207	118
20716	39
20717	142
20721	48
20732	179
20737	508
20740	41
20741	42
2074	145
20747	228
20751	265
20752	132
20755	57
20757	13
20760	136
20763	18
20764	104
20772	25
2077	232
20774	18
20776	92
20777	122
20780	80
20785	101
20790	129
20793	18
20795	180
20799	236
20800	88
20802	34
20809	214
20813	229
20814	166
20818	38
20822	18
2082	56
20830	10
20833	83
20835	27
20839	144
20840	245
20841	215
20842	48
20844	106
20846	33
20847	58
20851	77
20853	63
2085	62
20856	46
20859	31
20861	146
20862	22
20864	263
20867	165
20875	113
20876	25
20877	41
20881	17
20891	111
20892	251
20893	254
20894	68
20898	239
20904	45
20908	250
20912	26
20913	157
20915	233
20919	148
20920	79
20928	108
20929	73
20930	27
20940	104
20941	40
20943	141
20948	207
20949	33
20951	42
20954	135
20955	141
2095	75
20961	186
20962	41
20966	111
20967	202
20970	246
2097	168
20972	10
20980	267
20986	100
20987	97
20990	78
20991	214
20998	63
20999	40
21001	156
21004	24
21011	17
21017	193
210	177
2101	81
21025	146
2102	58
21026	231
21027	53
21028	96
21029	29
21031	232
21049	156
21052	143
21056	224
21062	91
21064	63
21067	12
21071	37
2107	146
21076	132
21077	85
21081	53
21084	264
21086	96
21087	157
21092	233
21093	176
21096	85
21100	248
2111	57
21115	92
211	162
21117	70
21121	13
21122	276
2112	36
21125	22
21126	258
21127	175
21128	93
21135	212
21137	137
21140	132
21142	141
2114	236
21143	73
21147	34
21149	126
21158	36
2116	30
21164	77
21169	7
21173	149
21174	97
21181	37
21182	62
21183	92
21186	49
21187	100
21192	56
21196	108
21197	91
21199	49
21209	23
21211	71
21215	8
21216	258
21225	93
21230	60
21234	22
21235	46
21239	100
21240	272
21241	12
21243	133
21246	27
21248	149
21251	226
21254	256
21256	127
21258	44
21269	20
2127	223
21272	7
21273	14
21281	94
21293	241
2130	16
21302	184
21311	262
21313	152
21315	41
21321	21
2132	265
21331	140
21343	97
21354	77
21359	87
21368	13
21371	89
2137	264
21372	69
21374	260
21377	258
21378	282
21382	153
21388	74
2139	15
21392	11
21397	56
21400	143
21404	72
21408	74
21411	7
2141	259
21419	17
21422	104
2142	54
21434	256
21439	72
21441	104
21442	160
2144	33
21449	59
21459	148
21464	23
21470	146
21482	54
21489	73
2149	132
21498	36
2150	266
21503	314
21506	230
21508	7
21512	143
2151	218
21517	125
21518	92
2152	33
21525	241
21526	231
2153	8
21539	38
21540	227
21542	89
21546	28
21552	45
21556	37
21559	87
2156	212
21563	48
21565	212
21569	25
21570	42
21572	108
215	86
21586	92
21595	182
21596	112
21603	70
21609	11
21611	43
21613	267
2161	55
21619	14
21625	200
21630	209
21637	153
21638	71
2164	20
21643	15
21647	146
21648	107
21651	161
21655	40
21659	36
21660	43
21670	23
21673	139
21678	24
21679	39
21687	149
21688	137
2169	190
21702	33
21708	19
21710	14
2171	114
21718	164
2172	13
21721	312
21722	202
21724	146
21728	277
21731	78
21732	263
21733	93
21738	191
21741	13
21746	96
2174	92
21749	66
21759	148
21761	21
21763	78
21764	157
21767	64
21770	172
21771	258
21778	67
21782	196
21783	20
21785	109
21786	212
21787	75
2178	80
21788	168
21792	252
21793	68
218	116
21813	133
21815	169
21819	56
21824	20
21825	24
21827	21
21835	114
21836	63
21838	75
21842	52
21844	202
21846	102
21847	108
21851	212
21852	205
21856	202
2185	92
21859	96
21867	11
2186	75
21873	265
21874	9
21878	243
21881	182
21886	27
21890	67
2189	13
21892	195
21893	34
21900	180
21901	33
21907	260
21909	129
21919	66
219	204
21921	9
21922	24
21923	257
21927	64
21929	81
21930	222
21934	106
21940	56
21944	101
21949	85
21952	71
21954	21
21956	92
21961	231
21969	34
21970	256
21973	217
2197	51
21978	49
21984	8
21986	9
21987	277
21993	68
21994	54
21996	218
21997	33
22008	104
22011	205
22014	287
22018	262
22019	239
2202	280
22032	252
22039	71
22041	6
22042	190
22043	72
22046	125
22051	49
22056	262
22058	61
22061	136
22068	118
22069	302
22071	200
2207	147
22072	27
22076	73
22077	135
22078	13
22080	203
22091	35
2210	21
22102	49
22104	78
22105	110
22108	271
22117	249
22119	9
22123	65
22127	17
22132	221
22134	10
22136	15
22137	155
22139	321
22141	91
22143	90
22146	25
22149	19
2215	203
22152	286
22155	81
2216	40
22169	20
22170	66
22175	254
22179	26
22183	16
22197	41
22200	41
22202	155
22203	241
22210	17
22212	7
22217	206
22219	29
22222	16
22224	69
22231	38
22233	44
22235	127
22236	109
22238	16
2224	277
22245	201
22246	60
22253	182
22262	39
22268	106
22269	74
22270	222
22274	133
22275	14
22276	229
2227	71
22277	74
22278	14
22279	16
22283	26
22285	276
22287	115
22288	26
22290	189
22295	116
22298	163
22305	71
22307	226
22310	92
22311	259
22315	60
22317	85
22319	63
22321	203
22324	64
22325	37
22330	28
22331	219
22336	14
22357	109
22358	112
22361	271
223	65
22367	29
22371	77
22372	49
2237	44
22377	168
22378	20
22379	116
22388	180
22390	187
22392	69
22393	264
22394	24
22395	188
22399	73
22402	41
2240	50
22405	91
22410	57
22412	70
2241	271
22415	73
22417	149
22422	180
2242	228
22429	173
2243	263
22437	24
22442	262
22451	33
22457	6
22463	203
22470	57
22475	20
22476	24
22478	134
22482	102
22485	156
22486	302
22489	17
22493	38
22498	246
2249	89
22501	30
22502	7
22511	8
22513	41
22515	40
22519	32
22521	24
22526	46
22527	123
22532	16
22537	239
22538	194
22542	123
22547	42
22550	80
22553	270
22555	80
225	56
22557	69
22558	259
2255	95
22565	95
22569	26
2257	108
22575	110
22576	143
22578	14
22581	110
22583	196
22585	278
22589	216
22591	56
22599	42
2260	212
22603	183
22607	99
22608	6
22610	191
226	102
22620	238
22624	116
22626	29
22627	77
22628	13
22629	63
22631	250
22633	6
22635	58
22639	62
22641	181
22642	83
22646	46
22648	36
22650	31
22656	199
22660	36
22661	223
22665	28
22672	107
22677	74
22679	257
22680	110
2268	164
22683	52
22688	21
22692	56
22694	18
22695	58
2270	171
22702	181
22705	27
22708	94
22712	176
22713	66
22719	55
22723	165
22727	42
22733	10
22735	79
22738	264
22739	155
22740	55
22741	39
22742	213
22744	37
22746	268
22747	36
22748	200
22749	22
22755	170
22756	113
22761	195
2276	59
22770	22
22771	21
2277	147
22776	183
22782	47
22785	244
22789	93
22790	185
2279	206
22794	236
2280	21
22802	13
22803	71
22807	154
22809	26
22813	280
2281	48
2282	167
22822	166
22824	139
22826	264
22828	138
22829	141
22834	258
22837	105
22838	42
22839	136
22843	335
22846	193
22857	63
22861	68
22863	9
2287	188
22872	53
22878	7
22887	73
22894	7
2	29
22915	37
22921	37
22922	34
22924	6
22929	185
22933	46
22934	36
2294	229
22943	24
22945	23
22953	255
22956	31
22961	153
22964	27
22967	68
22973	267
22974	42
22976	183
22983	41
2299	182
22995	260
23001	209
2300	71
2301	202
23014	160
23015	7
23017	117
23020	10
23022	186
23023	283
23025	248
23026	199
23027	224
2303	189
23034	13
2304	14
23041	53
23043	201
23049	22
23051	218
23057	141
23060	36
23062	109
23067	67
23071	159
23074	255
23079	14
23080	32
23086	248
23089	119
23092	112
23097	219
2309	78
2310	36
23107	19
23110	237
23115	74
23126	162
23274	21
23285	160
2328	63
2331	92
2335	136
2336	163
2337	163
2338	77
23391	32
23405	73
23448	22
23472	155
23501	17
23502	113
23507	11
2352	27
2355	14
23566	193
235	70
2359	62
2360	157
236	108
2362	23
2364	163
2365	17
2368	102
2369	229
237	115
2372	23
23745	74
2374	6
23746	33
23750	24
2376	237
2377	150
2378	29
2380	270
23841	101
2390	25
2391	106
2392	39
2399	149
2409	140
2415	13
2416	117
2418	59
24198	24
24221	24
2430	160
2440	213
24427	84
2443	97
24484	106
2448	72
2457	138
2459	138
2461	254
2462	207
24647	174
2466	134
2471	101
24732	113
24781	41
2479	22
24810	255
2481	27
24823	173
2484	117
24855	227
24875	40
24922	175
24933	125
2495	172
249	52
24963	29
2498	54
2500	179
250	106
2501	75
2503	129
25034	235
2506	100
2508	146
251	148
25119	26
2517	264
2518	214
2519	34
2526	240
2529	64
2533	35
2537	47
25412	79
2542	22
25448	162
25500	89
255	225
25553	14
2555	35
2559	362
2563	46
2564	38
25647	87
25654	19
2566	114
25663	227
2571	70
25759	69
258	190
2584	53
2588	50
2590	259
2591	259
2594	166
2596	140
2597	26
2601	203
26058	60
2614	28
2615	284
2619	131
2625	25
2626	35
2628	32
26341	46
2638	49
2640	95
2646	144
2650	210
265	118
2651	42
2652	139
26526	250
2653	52
2655	269
2656	10
2657	48
2659	101
2661	236
2664	260
26645	21
2668	39
2669	217
2671	10
26727	9
2673	27
26784	48
2680	104
268	100
2681	34
2682	102
2683	9
2684	41
2686	130
26869	180
2689	187
2691	202
2692	21
26959	52
269	60
2696	101
2698	30
2699	57
27008	56
2703	57
2704	96
2706	229
2707	63
270	77
2708	277
27116	14
2711	89
2712	40
2714	93
27156	16
2716	74
27179	31
2718	64
2720	159
27214	31
27	23
2723	57
2728	223
27313	32
2732	20
2734	40
2736	174
27381	70
2742	56
2743	42
2745	192
2746	31
2748	69
2749	101
2750	71
2751	273
2756	89
275	70
2758	68
2761	83
27642	87
2766	9
2769	22
2770	127
2772	153
27753	14
2775	62
2776	100
2778	26
2780	31
2781	180
27908	69
2791	31
2793	132
2794	208
2795	12
27964	118
2799	20
2800	232
2802	268
2807	97
2808	136
2809	138
28109	54
2817	76
28187	20
2821	36
28235	59
2826	56
2827	91
2828	16
28285	56
283	32
2833	214
284	210
2842	161
2847	13
28472	15
28515	95
2852	64
285	52
2855	279
28568	50
2858	141
2859	20
28659	187
2866	10
28764	49
2878	65
28837	54
2885	42
28866	80
2887	22
28885	154
2889	67
28914	201
2896	136
2897	93
2904	23
2908	6
2909	219
2910	93
2914	29
29149	108
29	19
2919	196
2926	193
2931	22
2932	79
2933	257
2947	145
2948	24
2954	61
2959	15
2960	122
29610	55
2962	49
2964	57
2968	66
2971	31
2977	7
297	9
2980	69
2982	195
2983	280
2991	140
2994	75
2995	157
2998	52
3000	48
3001	224
3004	107
300	60
3009	83
3012	43
3016	56
3025	46
3026	6
3028	181
3029	60
3030	108
303	86
3043	175
3046	55
3049	35
3050	67
3053	20
3056	136
3058	167
3062	98
3063	259
3065	30
3067	95
3072	226
30729	74
3076	177
3081	258
3082	116
3085	105
3088	86
3090	133
3096	11
3097	34
3101	27
3105	128
3106	18
3107	150
3108	238
3112	246
3113	16
3114	41
3121	251
3122	39
3123	50
3125	26
3127	137
3129	32
31293	40
31321	78
3132	36
3133	71
3134	15
3140	237
3141	39
3142	174
3146	33
314	74
3147	82
3148	184
3149	37
3150	184
315	15
3158	23
3161	201
3162	178
3163	50
3165	36
316	79
3168	187
3171	103
3175	142
3178	59
318	271
3188	93
3190	176
3195	103
3198	157
3201	23
320	17
3202	193
3203	90
3208	227
3210	151
3212	145
3213	28
3218	133
3221	71
3231	100
3233	11
3241	26
3245	44
3250	70
3251	22
3253	204
3255	9
3257	26
3262	75
3264	64
3265	7
3271	135
327	15
3273	25
3274	59
3278	84
3279	47
3280	74
328	245
3287	149
3289	188
3293	142
3295	33
3297	28
3299	16
3305	71
3310	207
3315	167
3320	24
3321	77
3322	271
3324	215
3327	216
3329	215
3331	109
3340	100
3342	107
3343	19
33434	18
3344	125
3345	203
3346	15
3360	99
3367	47
3371	34
3373	55
3376	45
3377	199
337	9
3379	41
3381	177
3382	56
3384	182
3388	143
3390	37
3391	49
3394	192
3405	241
3406	74
3409	146
3410	60
341	227
3413	27
3419	17
3425	66
3431	29
3433	216
3435	77
3436	32
3439	40
3442	39
3443	74
3447	20
3448	278
3453	36
3454	7
3458	141
3461	96
3468	176
3469	179
346	99
3477	48
348	181
3486	189
34913	186
34915	258
3501	21
350	146
3503	7
35	118
3516	25
352	13
3525	261
3526	77
3531	97
3538	18
3541	111
3546	205
3554	51
3562	27
3566	194
3568	111
3570	59
357	44
35749	6
3575	262
3580	53
3583	100
3585	158
3590	96
3593	279
3594	296
3595	182
3598	183
3599	52
3602	240
3611	49
3613	300
3614	29
3620	38
3623	178
3624	44
3628	149
3630	78
363	20
3636	60
3637	123
3646	63
3648	77
365	18
3655	27
3660	258
3661	143
3662	256
3667	134
3668	111
366	91
3669	68
3671	87
3674	150
3680	184
368	150
3684	131
3688	189
3699	49
3700	56
3703	228
3706	76
3707	114
3715	15
3720	47
372	157
3723	10
3725	66
37282	83
3731	24
3733	88
3734	11
3743	114
3745	140
3746	234
3749	11
3756	85
3757	275
3761	82
376	44
3769	95
3770	167
3771	175
3774	259
3775	25
3780	83
3782	92
3785	145
3786	83
3787	72
37880	30
3790	137
3797	258
3799	31
3802	83
3803	249
381	118
3813	172
38139	337
38	15
3818	144
3821	86
3823	102
3825	9
38288	21
38335	153
3836	60
3838	34
3840	117
3844	115
3846	54
3849	240
3857	47
3858	114
3859	87
3860	36
3864	152
3866	16
3868	188
387	182
3874	28
3875	24
3876	98
3879	175
3880	73
3886	115
3887	111
388	90
3892	101
3893	264
3895	162
3896	17
3900	225
3901	182
3903	32
3904	83
3905	16
3906	226
3911	50
3912	16
3918	75
3920	69
3921	114
392	175
3927	144
3931	116
3933	80
3939	220
394	16
3942	106
3947	142
3949	86
3954	83
3955	25
3959	7
3964	227
3970	220
3978	50
398	170
3983	103
3985	198
3987	80
3988	256
3989	12
3997	208
400	267
4012	25
4013	24
4016	266
4019	94
4020	138
4031	144
4032	61
4034	118
4038	224
4040	267
4041	149
406	144
4075	75
4081	98
40845	23
40946	40
4097	177
4099	122
4104	188
410	49
4105	26
4106	159
4109	150
4116	61
4118	159
4120	76
4122	71
4123	143
412	41
4124	8
4126	9
4128	10
4130	12
4134	150
4140	159
4143	202
4144	105
4145	192
4148	68
4151	70
4157	70
4163	100
4166	110
4174	131
4178	82
4180	180
4197	27
4198	140
4199	11
4201	21
4203	24
4205	8
4206	34
4207	9
4208	34
4210	71
421	118
4222	146
4227	96
4230	40
4231	109
4233	65
4235	194
423	61
4236	154
4238	71
424	118
4249	16
4251	134
4254	159
4263	57
4265	62
4269	279
426	94
427	21
4283	38
4284	67
4286	130
4289	103
4291	144
4296	109
430	110
4313	20
4314	46
4315	22
4316	148
4317	33
431	86
4324	18
4327	48
433	257
4336	170
4339	168
4356	36
436	77
4371	91
437	20
4374	166
4377	51
4384	128
4386	300
4388	255
4389	17
4394	29
4399	220
440	89
4409	19
4415	121
4416	28
4417	102
4419	196
4423	142
4424	6
4429	101
4435	9
4442	239
4444	206
4453	10
4457	84
4458	172
4464	134
4473	22
4480	179
4484	39
4488	98
4490	37
4495	62
4496	183
4497	10
450	35
4505	45
451	201
4515	62
4521	17
4527	47
4529	68
453	63
4539	55
4542	211
4549	233
4554	16
4555	28
4556	133
45	57
4558	21
4560	47
456	108
4563	14
4570	87
4571	178
4574	37
4579	10
4583	92
4584	81
4585	167
4586	196
4587	111
4592	164
4601	135
4610	199
4612	188
4615	345
4616	88
4617	60
4619	104
4625	140
4630	19
4634	256
4639	62
4644	420
4646	54
4649	17
4650	168
4652	13
465	28
4653	154
4654	90
4657	262
4665	95
4666	253
4673	84
4682	57
4692	103
4697	99
4698	176
4712	24
4717	45
4720	143
4724	22
4730	8
473	23
4738	205
4739	32
4741	7
4746	13
4748	99
4749	94
4757	16
4758	80
47	62
4762	264
4765	185
4766	86
4768	118
4769	27
4770	56
477	166
4773	75
4774	68
4776	39
4788	243
479	41
4794	51
4800	142
4813	158
4818	6
4824	135
4833	109
483	49
4839	41
4840	144
4843	16
4844	51
4850	39
4852	111
4856	79
4858	265
4868	284
4870	34
487	260
4874	58
4876	287
4879	106
4881	122
488	18
4884	174
4885	53
4892	197
4897	15
4901	45
4905	290
4916	57
4919	224
4920	114
4925	208
4926	225
4930	62
4931	67
4932	9
4940	269
4942	333
495	14
4953	69
4964	46
4970	56
4977	109
4981	163
498	292
4984	143
4989	247
49964	10
5005	169
5015	225
5016	87
5018	223
5020	15
502	210
50	25
5025	205
5029	286
5030	105
5033	45
5035	8
5039	117
5045	145
5055	66
5056	13
5058	97
5060	72
5061	19
5067	84
5072	67
5074	85
5078	31
5083	150
5084	46
5085	279
5087	7
5090	162
5092	189
5094	53
5098	26
5100	30
5105	244
510	74
5108	67
5112	93
5113	174
5115	168
5116	137
5119	32
512	74
5128	203
5137	247
5140	140
514	190
5143	30
5145	234
515	234
5159	227
5163	142
5164	37
5166	139
5169	36
517	45
5176	22
5177	240
5179	74
5180	154
5181	31
5191	130
519	19
520	11
5203	11
5204	17
5206	35
5213	281
5219	164
521	95
5222	191
5225	271
5232	36
5233	147
5239	65
5243	21
5246	27
524	7
5248	16
525	154
5252	100
5255	140
5258	218
5262	49
5263	16
5266	205
5269	23
527	107
5273	233
5275	72
5281	133
5283	172
5286	57
528	95
5291	13
529	41
5299	85
530	69
5308	262
5312	92
5313	38
531	50
5315	30
5316	233
5318	13
5321	212
5324	113
5327	51
5329	55
5331	249
534	14
5346	213
535	178
5356	110
5358	84
5359	82
5374	94
53	76
5377	89
5383	55
5384	217
5396	13
5405	274
5409	183
5412	29
5414	49
541	64
5419	152
5424	67
5429	202
5430	93
5434	16
543	53
5441	42
544	204
5449	40
5452	165
5453	18
5465	208
5468	78
546	9
5469	10
5474	38
5475	74
5476	108
5477	320
5478	46
5480	46
5482	54
5484	200
5485	171
5488	213
5493	213
5494	278
5500	259
5501	247
5503	102
5504	10
5506	11
5514	19
5515	67
5516	145
5520	231
552	148
553	122
55	32
5538	23
5539	248
5540	251
5541	258
5542	70
554	9
5550	195
5553	29
5555	73
5558	56
5567	271
5574	111
5580	78
5587	76
5589	118
5593	24
5595	7
5596	265
5603	65
5606	76
5607	247
5608	239
5609	11
5612	332
5613	57
561	36
5617	343
5619	119
5622	189
5624	153
5629	109
5633	188
5634	24
5638	40
5641	78
5642	200
5645	165
564	72
5648	178
5650	79
5651	12
5655	10
5658	198
5660	38
5662	33
5663	267
5670	154
5674	92
5682	259
568	89
5689	80
5692	25
5694	69
5698	7
5699	44
5701	290
5704	244
5707	23
5710	241
5711	160
5712	41
5713	33
5715	38
5717	108
5722	66
5723	32
5724	212
5727	24
573	169
5733	48
5734	52
5739	157
5743	114
5745	165
5757	86
5762	34
5766	107
5771	15
577	16
5773	9
5775	234
5782	19
578	23
5789	229
5790	25
5792	9
5797	107
580	65
5808	229
5810	49
5814	83
5817	17
5821	195
582	28
5827	243
5830	24
5841	211
584	170
5843	59
5844	105
5849	257
5850	24
5851	47
585	20
5855	15
5857	29
5859	34
5862	10
5864	225
5869	113
5871	91
5872	15
5874	210
5875	41
587	90
588	330
5888	79
5894	49
5896	110
5899	55
5900	187
5901	65
590	80
591	11
5911	201
5913	261
5916	81
5918	64
5921	16
5922	13
5924	166
5926	215
592	9
5932	114
5933	167
5935	259
594	186
5942	156
5943	134
5944	264
5957	14
5959	80
5962	67
5965	188
596	59
5973	137
5977	43
5978	23
5986	29
59917	28
5992	13
5995	27
5996	155
5997	35
6003	27
6007	40
6010	86
6014	49
6017	163
6018	163
6021	296
6027	246
6028	41
6033	48
6035	185
604	31
6046	274
6047	17
6049	282
6050	62
6053	39
6057	16
6061	42
6062	140
6063	15
6065	41
606	8
6069	256
6070	44
6073	84
6078	224
608	42
6085	63
6088	108
6090	174
6093	32
6095	251
6097	97
6101	220
6110	171
6114	48
6115	145
6120	54
6121	175
612	41
6126	139
6127	38
6128	220
6132	55
6135	19
6136	54
6137	43
6138	173
6139	277
6140	253
6143	207
6148	64
6149	257
6163	116
616	41
6167	238
6170	187
6171	162
617	7
6180	35
6183	75
618	61
6187	34
6191	150
6198	32
6199	263
6202	198
620	257
6206	114
6207	57
62	100
6213	64
6219	43
6221	60
6223	173
6236	182
6240	177
6241	169
624	28
6245	196
6247	17
6250	51
6251	257
6252	46
6254	98
6256	197
6273	106
6279	63
6280	25
6282	172
6283	225
6284	188
6285	98
6288	65
6299	197
6302	144
6311	15
631	21
6316	176
6325	8
6327	8
6328	67
6332	21
6333	84
6335	85
633	69
6337	14
6338	74
6341	26
6344	47
6345	213
635	21
6353	229
6355	90
6357	22
6358	74
6363	47
6366	32
6367	92
637	254
6373	167
6377	227
6379	350
6380	16
638	22
6385	8
6388	90
6397	74
6399	47
6405	112
6411	132
641	142
64	15
6416	294
6421	31
6425	22
6426	20
643	32
6434	61
6437	213
6441	116
6444	157
6446	84
6448	55
6451	163
6453	150
6454	36
6455	57
6456	215
6465	66
6468	52
6469	29
6470	136
6472	25
647	228
6473	41
6476	92
6479	217
6484	258
6485	153
6492	55
6495	37
6498	109
6499	92
6504	34
6507	12
6508	125
6509	11
6513	19
6515	13
6517	27
6526	268
6534	13
6536	19
6539	9
6544	77
6545	259
6546	25
6549	94
655	22
6553	74
6558	33
6565	232
6571	207
6572	19
6573	39
6576	21
658	102
6581	7
6582	50
6591	95
6594	159
6598	81
6600	205
660	145
6611	45
6621	73
6622	85
6623	242
662	50
6628	9
6631	157
6633	250
6636	27
6637	20
6640	23
6644	23
664	44
6653	47
6660	99
6664	54
6669	92
6670	215
6673	149
6678	61
6682	160
6685	157
6687	25
668	96
6690	57
6699	28
6700	68
6702	77
6705	59
6707	20
6708	57
6709	73
671	136
6711	65
6717	108
6721	189
6726	41
6728	98
6729	24
6732	69
67	34
6737	212
6741	95
6746	81
6750	41
6754	22
6759	39
6760	7
676	25
6763	51
6764	62
6766	30
6769	134
6773	28
6777	107
6779	13
6784	149
6789	72
6790	108
6791	20
6800	53
680	130
6804	15
6809	21
6811	133
681	181
6814	17
6818	28
6822	25
6824	51
6827	222
683	19
6834	129
6848	138
6849	12
6861	174
6865	68
686	70
6871	49
6875	70
6881	91
6883	25
6893	259
6897	15
690	165
6904	260
6906	111
6911	88
6915	68
6917	85
692	143
6928	92
6934	161
6936	29
6938	261
6940	267
694	108
6941	19
6948	63
6955	20
6960	45
6971	57
6977	108
698	27
6988	144
6989	198
6990	215
6991	48
7003	101
7012	49
7013	53
7014	10
7017	35
7018	21
70	206
7043	81
7044	6
704	80
7054	11
706	163
7062	92
7064	107
7065	193
7066	13
7067	77
7073	34
7077	75
7080	55
7085	32
7086	112
7090	113
7093	12
7098	67
7100	47
7105	13
7107	68
7108	9
7109	238
7111	153
7113	63
7116	151
712	131
7121	70
7124	170
7126	106
7136	82
7137	91
7139	116
7140	18
7150	159
7155	21
7163	24
7166	13
7168	23
717	74
7178	48
7181	6
7184	157
7186	36
7187	266
719	174
7198	10
7199	191
7204	185
7213	88
7217	129
7218	256
7222	8
7226	21
7227	62
7233	57
7240	45
7243	28
7246	183
7252	31
7255	152
7260	83
7267	7
7268	56
7270	13
7274	41
7286	54
7287	70
7292	56
7293	191
7297	83
7298	180
7308	23
7309	48
7310	208
7311	246
7317	106
7322	149
73	24
7324	21
7325	44
7331	67
7332	94
7333	67
7350	21
7352	92
7353	7
7354	155
7358	165
7359	186
7363	7
7370	234
7376	37
7377	67
7386	47
7388	64
7395	161
7400	193
7401	16
740	185
7411	150
741	17
7412	61
7415	93
7431	145
743	26
7439	146
7440	84
744	29
74445	59
7445	43
7448	95
7449	109
7455	40
7459	150
7461	172
7465	220
7466	45
7467	104
7468	139
7469	206
7474	32
7482	42
7488	101
7492	57
7493	49
7500	178
7505	20
7511	101
751	261
7514	7
7528	172
7530	40
7534	50
753	71
7541	18
7547	28
7551	114
7556	46
7557	25
7559	133
756	166
7565	15
7567	155
7568	210
757	173
7573	117
7574	181
7576	100
7578	51
7581	14
758	33
7584	224
7588	28
7590	28
7595	17
7600	208
760	8
7615	65
7617	50
7618	44
7620	15
763	101
764	113
7645	70
7648	261
765	270
7655	35
7656	239
7660	255
7661	162
7662	93
7664	38
7665	78
7675	39
7677	105
7682	105
7683	14
769	229
7693	38
7694	82
7701	79
7702	10
770	48
7707	146
7708	222
7709	37
7713	267
7717	77
7719	345
7720	115
7723	98
7724	74
7730	171
7732	196
7733	43
7734	59
7735	20
7739	209
7741	48
7747	63
7748	169
7752	188
7754	11
7763	42
7770	80
7771	25
7772	76
777	43
7780	235
7790	261
7795	100
7798	106
7801	189
780	228
7805	11
7807	7
7808	158
7812	166
781	277
7814	8
7819	92
7821	78
782	179
7824	8
7827	241
7830	163
7838	220
7839	114
7841	327
7842	110
7849	72
785	130
7852	266
7854	81
7865	90
7866	176
7867	212
7870	227
7878	283
7881	24
788	46
7896	271
7900	193
7901	164
7902	176
7903	167
7905	174
7910	101
7914	83
7915	245
7917	69
7925	168
7929	16
7933	30
7935	262
7939	33
7940	97
794	15
7942	35
7947	14
795	15
7955	27
7956	93
7960	10
7963	16
7967	9
7968	164
7969	7
7979	34
7982	44
7985	261
7987	32
7994	266
8000	149
800	193
8005	71
8007	157
8011	17
8012	7
8014	133
8015	80
8018	41
8023	106
8024	91
802	70
8033	170
80	36
8036	86
8038	71
8039	88
8041	72
8044	31
8045	150
8050	77
8054	29
8060	49
8062	183
806	53
8067	143
8068	18
8069	53
8071	92
8075	60
8076	12
8078	93
8084	168
8086	141
8087	43
8088	69
8089	66
8092	185
8095	60
8098	20
8099	113
8102	89
8108	34
8109	46
8111	260
8112	43
8113	50
8116	56
8121	169
8126	23
8127	22
8128	107
8129	58
8131	68
8135	194
8136	186
8143	62
8147	48
8155	109
8159	70
8160	44
8166	141
8173	40
8174	202
8175	266
8179	259
818	38
8184	144
8188	118
8194	151
8197	111
8200	155
82034	10
8206	21
8208	49
8210	173
8211	219
8212	82
8213	105
8214	101
8216	216
822	76
8231	33
8236	75
8238	40
8239	40
8244	291
8246	224
8249	46
8254	14
8255	214
8256	207
825	67
8257	138
8258	61
8259	84
8260	81
8262	153
8264	28
8269	149
8271	36
8274	193
827	76
8281	6
8284	209
8285	6
829	53
8296	132
8303	200
8311	35
8313	78
831	75
8318	168
8319	147
8326	146
8327	186
8339	113
8343	92
8346	78
8348	78
8351	20
8352	263
8354	45
8362	284
8368	31
8371	271
8378	114
8382	175
8388	81
8391	12
8396	54
8399	148
8400	50
8404	201
8408	220
8410	168
8411	169
8413	224
8416	73
8417	26
8420	290
8421	217
842	257
8425	261
8427	57
8431	254
8435	265
8436	160
8439	266
8443	158
84432	25
8446	67
8448	15
8454	89
846	259
8463	174
8467	15
8468	187
847	259
8474	257
8475	9
8483	160
8484	23
8488	46
8494	248
8495	246
8496	140
8511	263
8519	50
852	222
8527	52
8530	217
8531	233
8535	64
853	90
8540	68
8542	114
8544	283
8545	51
855	233
8552	63
8553	54
8554	23
8555	198
8562	52
8567	202
8577	148
8580	186
858	16
8583	261
8591	46
8593	139
8594	76
8596	62
8599	172
8601	220
8602	17
8605	32
8606	17
8608	65
8611	20
8615	243
8619	63
8620	180
8622	83
8624	54
8627	162
8628	16
8629	35
8630	6
863	63
8637	54
8642	54
8645	241
8651	112
8653	47
8655	12
8658	18
8659	79
8662	25
8664	62
866	48
8666	41
8671	19
867	213
8676	57
8677	42
8682	14
8683	183
8684	88
8685	263
8686	13
8688	168
868	97
8690	206
8697	31
8707	7
8708	31
8709	308
8710	91
8711	156
87	121
8715	26
8718	214
8719	30
8721	42
8727	70
8730	61
8734	42
8738	105
874	22
8755	152
8760	166
8761	112
8762	6
8766	76
8768	227
8772	175
877	30
8775	104
8776	21
8779	89
8781	173
8782	210
8784	13
8787	31
8790	259
8791	188
8794	17
8795	60
8799	203
8804	75
8805	19
8809	177
8811	11
8814	26
8817	31
8818	137
8823	48
882	43
8828	100
8830	172
8833	160
8836	23
883	70
8841	174
8844	141
8850	31
8851	179
8853	22
8856	74
8857	54
8860	29
8862	8
8866	194
8867	45
8870	151
8874	14
8875	203
8876	161
8878	185
8884	43
8885	44
8889	33
8890	15
8901	134
8903	21
8906	198
8908	136
8910	206
8913	100
8915	58
892	16
8929	21
8930	139
8935	10
8938	189
8959	151
8960	68
8964	194
8965	9
8970	43
8971	15
8974	7
8977	160
8978	17
8984	42
8985	130
8989	10
8992	17
8994	74
8996	198
9000	49
9001	136
9004	49
9007	100
9008	99
9010	20
9016	31
90	171
9017	20
9019	140
9020	55
9021	56
9022	241
9034	53
9044	41
9045	97
9048	14
9049	36
9052	40
905	40
9060	156
9061	12
9064	12
9071	14
907	32
9075	12
9077	238
9078	56
908	209
9084	15
9086	17
9090	190
9091	158
9092	180
909	77
9103	178
9106	26
9108	54
9110	7
9111	228
9114	220
9115	29
9121	99
9128	226
9129	69
9131	249
9136	180
9139	111
9140	199
9141	6
9144	85
9148	151
9150	201
915	115
9151	171
9154	12
9156	194
9167	74
9171	65
918	114
9183	140
9189	52
9190	42
9192	86
9193	262
9196	24
9200	40
9201	100
9212	214
9217	146
9218	261
9221	34
9224	26
9226	183
923	21
9232	236
9235	243
9237	46
9245	16
9248	47
925	25
9256	217
9258	42
9261	53
9270	18
9281	20
9283	181
9286	55
928	96
9292	15
9295	22
9297	159
9298	7
9307	111
930	87
9316	33
9318	163
9319	96
932	163
9322	262
9325	227
9328	252
9331	24
9333	226
9343	148
9345	52
935	214
9354	44
9356	10
9365	124
9368	106
9375	174
9376	32
9379	44
9383	63
9396	264
9403	83
940	41
9404	163
9405	28
9407	202
9409	13
9411	207
9414	39
94	22
9423	62
9426	53
9432	260
943	237
9434	83
9442	98
9443	48
9446	255
9447	79
9455	75
9458	7
9468	10
9476	235
9481	7
9490	45
9501	45
950	183
9510	55
952	189
9545	26
9547	16
9554	67
9560	174
956	104
9562	154
9563	28
9567	18
9573	204
9574	125
9576	54
9581	12
9588	17
9595	82
9597	188
960	163
9615	173
9617	137
9625	204
9632	192
9634	58
9641	14
964	14
9646	160
9648	96
965	123
9655	35
9657	33
9659	19
96	6
9663	235
9664	265
9668	255
9674	249
9681	85
968	204
9682	15
9684	117
9685	180
9687	188
9691	61
9692	149
9693	7
9694	135
969	61
9698	204
9706	110
9708	37
9709	33
9710	93
9713	188
971	61
9721	17
972	97
9734	84
9744	22
9746	206
9748	233
9755	193
9770	66
9772	8
9773	70
9777	252
9778	235
9780	86
9786	162
978	70
9788	75
9804	72
9811	28
9817	158
9821	214
9824	33
9829	237
9831	58
9837	56
9838	137
9839	32
984	12
9849	321
9850	166
9857	221
9858	16
9859	34
9862	39
9865	28
9879	176
9883	67
9886	218
9888	40
9891	134
9892	110
9902	62
9903	32
9904	18
9919	70
9924	47
9925	66
9928	250
992	93
9939	71
9942	73
9948	158
9954	27
9955	233
9956	257
9959	42
996	158
9962	304
9968	188
9974	95
9975	41
9976	226
9977	99
9980	262
9983	27
9984	142
9985	67
9986	37
9987	35
999	10
9995	78
9997	33
